# autosolver sim-diag log — session Sun May 10 14:29:33 2026
# events:
#   [sim-y-jump] sim's Y moved >30 units in one 240Hz tick
#     fields: iter=plan-idx; dy=(post-pre).y; pre/post=(x,y);
#     yVel pre/post; LAP pre/post = m_lastActivatedPortal addr;
#     UD pre/post = m_isUpsideDown; GM pre/post = m_gravityMod;
#     collidedObj = m_collidedObject addr.
[run-init] base getPos=(1.30,105.00) m_position=(0.00,105.00) simAfterSet getPos=(1.30,105.00) m_position=(0.00,105.00) isOnGround=1/1/1/1 baseLGO=0x0 simLGO=0x0 baseColl=0x0 simColl=0x0 baseYV=0.000 simYV=0.000 base_lastGroundedPos=(1.30,105.00) sim_lastGroundedPos=(1.30,105.00) base_lastPos=(0.00,105.00) sim_lastPos=(0.00,105.00) base_yStart=11.18 sim_yStart=11.18 base_fallStartY=0.00 sim_fallStartY=0.00 base_lastPortalPos=(0.00,0.00) sim_lastPortalPos=(0.00,0.00) portalY=0.00
[sim-tick] runPlan iter=0 pos=(2.6,105.0) yVel=-0.216 xVel?=0.000 isOnGround=0 isUD=0 gMod=1.00 speed=0.900
[sim-tick] runPlan iter=30 pos=(41.5,105.0) yVel=-0.216 xVel?=1.298 isOnGround=0 isUD=0 gMod=1.00 speed=0.900
[sim-tick] runPlan iter=60 pos=(80.5,105.0) yVel=-0.216 xVel?=1.298 isOnGround=0 isUD=0 gMod=1.00 speed=0.900
[sim-tick] runPlan iter=90 pos=(119.4,105.0) yVel=-0.216 xVel?=1.298 isOnGround=0 isUD=0 gMod=1.00 speed=0.900
[sim-tick] runPlan iter=120 pos=(158.4,105.0) yVel=-0.216 xVel?=1.298 isOnGround=0 isUD=0 gMod=1.00 speed=0.900
[sim-tick] runPlan iter=150 pos=(197.3,105.0) yVel=-0.216 xVel?=1.298 isOnGround=0 isUD=0 gMod=1.00 speed=0.900
[sim-tick] runPlan iter=180 pos=(236.3,105.0) yVel=-0.216 xVel?=1.298 isOnGround=0 isUD=0 gMod=1.00 speed=0.900
[sim-tick] runPlan iter=210 pos=(275.2,105.0) yVel=-0.216 xVel?=1.298 isOnGround=0 isUD=0 gMod=1.00 speed=0.900
[run-init] base getPos=(1.30,105.00) m_position=(0.00,105.00) simAfterSet getPos=(1.30,105.00) m_position=(0.00,105.00) isOnGround=1/1/1/1 baseLGO=0x0 simLGO=0x0 baseColl=0x0 simColl=0x0 baseYV=0.000 simYV=0.000 base_lastGroundedPos=(1.30,105.00) sim_lastGroundedPos=(1.30,105.00) base_lastPos=(0.00,105.00) sim_lastPos=(0.00,105.00) base_yStart=11.18 sim_yStart=11.18 base_fallStartY=0.00 sim_fallStartY=0.00 base_lastPortalPos=(0.00,0.00) sim_lastPortalPos=(0.00,0.00) portalY=0.00
[sim-tick] runPlan iter=0 pos=(2.6,105.0) yVel=-0.216 xVel?=0.000 isOnGround=0 isUD=0 gMod=1.00 speed=0.900
[sim-tick] runPlan iter=30 pos=(41.5,157.9) yVel=4.700 xVel?=1.298 isOnGround=0 isUD=0 gMod=1.00 speed=0.900
[sim-tick] runPlan iter=60 pos=(80.5,167.0) yVel=-1.780 xVel?=1.298 isOnGround=0 isUD=0 gMod=1.00 speed=0.900
[sim-tick] runPlan iter=90 pos=(119.4,132.4) yVel=-8.260 xVel?=1.298 isOnGround=0 isUD=0 gMod=1.00 speed=0.900
[sim-tick] runPlan iter=120 pos=(158.4,105.0) yVel=-0.216 xVel?=1.298 isOnGround=0 isUD=0 gMod=1.00 speed=0.900
[sim-tick] runPlan iter=150 pos=(197.3,105.0) yVel=-0.216 xVel?=1.298 isOnGround=0 isUD=0 gMod=1.00 speed=0.900
[sim-tick] runPlan iter=180 pos=(236.3,105.0) yVel=-0.216 xVel?=1.298 isOnGround=0 isUD=0 gMod=1.00 speed=0.900
[sim-tick] runPlan iter=210 pos=(275.2,105.0) yVel=-0.216 xVel?=1.298 isOnGround=0 isUD=0 gMod=1.00 speed=0.900
[run-init] base getPos=(1.30,105.00) m_position=(0.00,105.00) simAfterSet getPos=(1.30,105.00) m_position=(0.00,105.00) isOnGround=1/1/1/1 baseLGO=0x0 simLGO=0x0 baseColl=0x0 simColl=0x0 baseYV=0.000 simYV=0.000 base_lastGroundedPos=(1.30,105.00) sim_lastGroundedPos=(1.30,105.00) base_lastPos=(0.00,105.00) sim_lastPos=(0.00,105.00) base_yStart=11.18 sim_yStart=11.18 base_fallStartY=0.00 sim_fallStartY=0.00 base_lastPortalPos=(0.00,0.00) sim_lastPortalPos=(0.00,0.00) portalY=0.00
[sim-tick] runPlan iter=0 pos=(2.6,105.0) yVel=-0.216 xVel?=0.000 isOnGround=0 isUD=0 gMod=1.00 speed=0.900
[sim-tick] runPlan iter=30 pos=(41.5,105.0) yVel=-0.216 xVel?=1.298 isOnGround=0 isUD=0 gMod=1.00 speed=0.900
[sim-tick] runPlan iter=60 pos=(80.5,105.0) yVel=-0.216 xVel?=1.298 isOnGround=0 isUD=0 gMod=1.00 speed=0.900
[sim-tick] runPlan iter=90 pos=(119.4,105.0) yVel=-0.216 xVel?=1.298 isOnGround=0 isUD=0 gMod=1.00 speed=0.900
[sim-tick] runPlan iter=120 pos=(158.4,105.0) yVel=-0.216 xVel?=1.298 isOnGround=0 isUD=0 gMod=1.00 speed=0.900
[sim-tick] runPlan iter=150 pos=(197.3,105.0) yVel=-0.216 xVel?=1.298 isOnGround=0 isUD=0 gMod=1.00 speed=0.900
[sim-tick] runPlan iter=180 pos=(236.3,105.0) yVel=-0.216 xVel?=1.298 isOnGround=0 isUD=0 gMod=1.00 speed=0.900
[sim-tick] runPlan iter=210 pos=(275.2,105.0) yVel=-0.216 xVel?=1.298 isOnGround=0 isUD=0 gMod=1.00 speed=0.900
[run-init] base getPos=(1.30,105.00) m_position=(0.00,105.00) simAfterSet getPos=(1.30,105.00) m_position=(0.00,105.00) isOnGround=1/1/1/1 baseLGO=0x0 simLGO=0x0 baseColl=0x0 simColl=0x0 baseYV=0.000 simYV=0.000 base_lastGroundedPos=(1.30,105.00) sim_lastGroundedPos=(1.30,105.00) base_lastPos=(0.00,105.00) sim_lastPos=(0.00,105.00) base_yStart=11.18 sim_yStart=11.18 base_fallStartY=0.00 sim_fallStartY=0.00 base_lastPortalPos=(0.00,0.00) sim_lastPortalPos=(0.00,0.00) portalY=0.00
[sim-tick] runPlan iter=0 pos=(2.6,105.0) yVel=-0.216 xVel?=0.000 isOnGround=0 isUD=0 gMod=1.00 speed=0.900
[sim-tick] runPlan iter=30 pos=(41.5,129.5) yVel=8.804 xVel?=1.298 isOnGround=0 isUD=0 gMod=1.00 speed=0.900
[sim-tick] runPlan iter=60 pos=(80.5,166.3) yVel=2.324 xVel?=1.298 isOnGround=0 isUD=0 gMod=1.00 speed=0.900
[sim-tick] runPlan iter=90 pos=(119.4,159.4) yVel=-4.156 xVel?=1.298 isOnGround=0 isUD=0 gMod=1.00 speed=0.900
[sim-tick] runPlan iter=120 pos=(158.4,108.7) yVel=-10.636 xVel?=1.298 isOnGround=0 isUD=0 gMod=1.00 speed=0.900
[sim-tick] runPlan iter=150 pos=(197.3,157.1) yVel=5.348 xVel?=1.298 isOnGround=0 isUD=0 gMod=1.00 speed=0.900
[sim-tick] runPlan iter=180 pos=(236.3,170.6) yVel=-1.132 xVel?=1.298 isOnGround=0 isUD=0 gMod=1.00 speed=0.900
[sim-tick] runPlan iter=210 pos=(275.2,140.3) yVel=-7.612 xVel?=1.298 isOnGround=0 isUD=0 gMod=1.00 speed=0.900
[run-init] base getPos=(1.30,105.00) m_position=(0.00,105.00) simAfterSet getPos=(1.30,105.00) m_position=(0.00,105.00) isOnGround=1/1/1/1 baseLGO=0x0 simLGO=0x0 baseColl=0x0 simColl=0x0 baseYV=0.000 simYV=0.000 base_lastGroundedPos=(1.30,105.00) sim_lastGroundedPos=(1.30,105.00) base_lastPos=(0.00,105.00) sim_lastPos=(0.00,105.00) base_yStart=11.18 sim_yStart=11.18 base_fallStartY=0.00 sim_fallStartY=0.00 base_lastPortalPos=(0.00,0.00) sim_lastPortalPos=(0.00,0.00) portalY=0.00
[sim-tick] runPlan iter=0 pos=(2.6,107.5) yVel=10.964 xVel?=0.000 isOnGround=0 isUD=0 gMod=1.00 speed=0.900
[sim-tick] runPlan iter=30 pos=(41.5,158.9) yVel=4.484 xVel?=1.298 isOnGround=0 isUD=0 gMod=1.00 speed=0.900
[sim-tick] runPlan iter=60 pos=(80.5,166.5) yVel=-1.996 xVel?=1.298 isOnGround=0 isUD=0 gMod=1.00 speed=0.900
[sim-tick] runPlan iter=90 pos=(119.4,130.5) yVel=-8.476 xVel?=1.298 isOnGround=0 isUD=0 gMod=1.00 speed=0.900
[sim-tick] runPlan iter=120 pos=(158.4,142.8) yVel=7.508 xVel?=1.298 isOnGround=0 isUD=0 gMod=1.00 speed=0.900
[sim-tick] runPlan iter=150 pos=(197.3,170.9) yVel=1.028 xVel?=1.298 isOnGround=0 isUD=0 gMod=1.00 speed=0.900
[sim-tick] runPlan iter=180 pos=(236.3,155.3) yVel=-5.452 xVel?=1.298 isOnGround=0 isUD=0 gMod=1.00 speed=0.900
[sim-tick] runPlan iter=210 pos=(275.2,112.4) yVel=10.748 xVel?=1.298 isOnGround=0 isUD=0 gMod=1.00 speed=0.900
[sim-tick] runPlan iter=240 pos=(314.2,162.4) yVel=4.268 xVel?=1.298 isOnGround=0 isUD=0 gMod=1.00 speed=0.900
[sim-tick] runPlan iter=270 pos=(353.1,168.6) yVel=-2.212 xVel?=1.298 isOnGround=0 isUD=0 gMod=1.00 speed=0.900
[run-init] base getPos=(1.30,105.00) m_position=(0.00,105.00) simAfterSet getPos=(1.30,105.00) m_position=(0.00,105.00) isOnGround=1/1/1/1 baseLGO=0x0 simLGO=0x0 baseColl=0x0 simColl=0x0 baseYV=0.000 simYV=0.000 base_lastGroundedPos=(1.30,105.00) sim_lastGroundedPos=(1.30,105.00) base_lastPos=(0.00,105.00) sim_lastPos=(0.00,105.00) base_yStart=11.18 sim_yStart=11.18 base_fallStartY=0.00 sim_fallStartY=0.00 base_lastPortalPos=(0.00,0.00) sim_lastPortalPos=(0.00,0.00) portalY=0.00
[sim-tick] runPlan iter=0 pos=(2.6,105.0) yVel=-0.216 xVel?=0.000 isOnGround=0 isUD=0 gMod=1.00 speed=0.900
[sim-tick] runPlan iter=30 pos=(41.5,105.0) yVel=-0.216 xVel?=1.298 isOnGround=0 isUD=0 gMod=1.00 speed=0.900
[sim-tick] runPlan iter=60 pos=(80.5,107.5) yVel=10.964 xVel?=1.298 isOnGround=0 isUD=0 gMod=1.00 speed=0.900
[sim-tick] runPlan iter=90 pos=(119.4,158.9) yVel=4.484 xVel?=1.298 isOnGround=0 isUD=0 gMod=1.00 speed=0.900
[sim-tick] runPlan iter=120 pos=(158.4,166.5) yVel=-1.996 xVel?=1.298 isOnGround=0 isUD=0 gMod=1.00 speed=0.900
[sim-tick] runPlan iter=150 pos=(197.3,130.5) yVel=-8.476 xVel?=1.298 isOnGround=0 isUD=0 gMod=1.00 speed=0.900
[sim-tick] runPlan iter=180 pos=(236.3,142.8) yVel=7.508 xVel?=1.298 isOnGround=0 isUD=0 gMod=1.00 speed=0.900
[sim-tick] runPlan iter=210 pos=(275.2,170.9) yVel=1.028 xVel?=1.298 isOnGround=0 isUD=0 gMod=1.00 speed=0.900
[sim-tick] runPlan iter=240 pos=(314.2,155.3) yVel=-5.452 xVel?=1.298 isOnGround=0 isUD=0 gMod=1.00 speed=0.900
[run-init] base getPos=(1.30,105.00) m_position=(0.00,105.00) simAfterSet getPos=(1.30,105.00) m_position=(0.00,105.00) isOnGround=1/1/1/1 baseLGO=0x0 simLGO=0x0 baseColl=0x0 simColl=0x0 baseYV=0.000 simYV=0.000 base_lastGroundedPos=(1.30,105.00) sim_lastGroundedPos=(1.30,105.00) base_lastPos=(0.00,105.00) sim_lastPos=(0.00,105.00) base_yStart=11.18 sim_yStart=11.18 base_fallStartY=0.00 sim_fallStartY=0.00 base_lastPortalPos=(0.00,0.00) sim_lastPortalPos=(0.00,0.00) portalY=0.00
[sim-tick] runPlan iter=0 pos=(2.6,105.0) yVel=-0.216 xVel?=0.000 isOnGround=0 isUD=0 gMod=1.00 speed=0.900
[sim-tick] runPlan iter=30 pos=(41.5,157.9) yVel=4.700 xVel?=1.298 isOnGround=0 isUD=0 gMod=1.00 speed=0.900
[sim-tick] runPlan iter=60 pos=(80.5,167.0) yVel=-1.780 xVel?=1.298 isOnGround=0 isUD=0 gMod=1.00 speed=0.900
[sim-tick] runPlan iter=90 pos=(119.4,132.4) yVel=-8.260 xVel?=1.298 isOnGround=0 isUD=0 gMod=1.00 speed=0.900
[sim-tick] runPlan iter=120 pos=(158.4,141.2) yVel=7.724 xVel?=1.298 isOnGround=0 isUD=0 gMod=1.00 speed=0.900
[sim-tick] runPlan iter=150 pos=(197.3,170.7) yVel=1.244 xVel?=1.298 isOnGround=0 isUD=0 gMod=1.00 speed=0.900
[sim-tick] runPlan iter=180 pos=(236.3,156.5) yVel=-5.236 xVel?=1.298 isOnGround=0 isUD=0 gMod=1.00 speed=0.900
[sim-tick] runPlan iter=210 pos=(275.2,110.0) yVel=10.964 xVel?=1.298 isOnGround=0 isUD=0 gMod=1.00 speed=0.900
[sim-tick] runPlan iter=240 pos=(314.2,161.4) yVel=4.484 xVel?=1.298 isOnGround=0 isUD=0 gMod=1.00 speed=0.900
[sim-tick] runPlan iter=270 pos=(353.1,169.1) yVel=-1.996 xVel?=1.298 isOnGround=0 isUD=0 gMod=1.00 speed=0.900
[run-init] base getPos=(9.09,116.85) m_position=(7.79,114.58) simAfterSet getPos=(9.09,116.85) m_position=(7.79,114.58) isOnGround=0/0/1/0 baseLGO=0x0 simLGO=0x0 baseColl=0x0 simColl=0x0 baseYV=10.100 simYV=10.100 base_lastGroundedPos=(2.60,105.00) sim_lastGroundedPos=(2.60,105.00) base_lastPos=(7.79,114.58) sim_lastPos=(7.79,114.58) base_yStart=11.18 sim_yStart=11.18 base_fallStartY=0.00 sim_fallStartY=0.00 base_lastPortalPos=(0.00,0.00) sim_lastPortalPos=(0.00,0.00) portalY=0.00
[sim-tick] runPlan iter=0 pos=(10.4,119.1) yVel=9.884 xVel?=0.000 isOnGround=0 isUD=0 gMod=1.00 speed=0.900
[sim-tick] runPlan iter=30 pos=(49.3,163.2) yVel=3.404 xVel?=1.298 isOnGround=0 isUD=0 gMod=1.00 speed=0.900
[sim-tick] runPlan iter=60 pos=(88.3,163.6) yVel=-3.076 xVel?=1.298 isOnGround=0 isUD=0 gMod=1.00 speed=0.900
[sim-tick] runPlan iter=90 pos=(127.2,120.2) yVel=-9.556 xVel?=1.298 isOnGround=0 isUD=0 gMod=1.00 speed=0.900
[sim-tick] runPlan iter=120 pos=(166.2,105.0) yVel=-0.216 xVel?=1.298 isOnGround=0 isUD=0 gMod=1.00 speed=0.900
[sim-tick] runPlan iter=150 pos=(205.1,105.0) yVel=-0.216 xVel?=1.298 isOnGround=0 isUD=0 gMod=1.00 speed=0.900
[sim-tick] runPlan iter=180 pos=(244.1,105.0) yVel=-0.216 xVel?=1.298 isOnGround=0 isUD=0 gMod=1.00 speed=0.900
[sim-tick] runPlan iter=210 pos=(283.0,105.0) yVel=-0.216 xVel?=1.298 isOnGround=0 isUD=0 gMod=1.00 speed=0.900
[run-init] base getPos=(9.09,116.85) m_position=(7.79,114.58) simAfterSet getPos=(9.09,116.85) m_position=(7.79,114.58) isOnGround=0/0/1/0 baseLGO=0x0 simLGO=0x0 baseColl=0x0 simColl=0x0 baseYV=10.100 simYV=10.100 base_lastGroundedPos=(2.60,105.00) sim_lastGroundedPos=(2.60,105.00) base_lastPos=(7.79,114.58) sim_lastPos=(7.79,114.58) base_yStart=11.18 sim_yStart=11.18 base_fallStartY=0.00 sim_fallStartY=0.00 base_lastPortalPos=(0.00,0.00) sim_lastPortalPos=(0.00,0.00) portalY=0.00
[sim-tick] runPlan iter=0 pos=(10.4,119.1) yVel=9.884 xVel?=0.000 isOnGround=0 isUD=0 gMod=1.00 speed=0.900
[sim-tick] runPlan iter=30 pos=(49.3,163.2) yVel=3.404 xVel?=1.298 isOnGround=0 isUD=0 gMod=1.00 speed=0.900
[sim-tick] runPlan iter=60 pos=(88.3,163.6) yVel=-3.076 xVel?=1.298 isOnGround=0 isUD=0 gMod=1.00 speed=0.900
[sim-tick] runPlan iter=90 pos=(127.2,120.2) yVel=-9.556 xVel?=1.298 isOnGround=0 isUD=0 gMod=1.00 speed=0.900
[sim-tick] runPlan iter=120 pos=(166.2,105.0) yVel=-0.216 xVel?=1.298 isOnGround=0 isUD=0 gMod=1.00 speed=0.900
[sim-tick] runPlan iter=150 pos=(205.1,105.0) yVel=-0.216 xVel?=1.298 isOnGround=0 isUD=0 gMod=1.00 speed=0.900
[sim-tick] runPlan iter=180 pos=(244.1,105.0) yVel=-0.216 xVel?=1.298 isOnGround=0 isUD=0 gMod=1.00 speed=0.900
[sim-tick] runPlan iter=210 pos=(283.0,105.0) yVel=-0.216 xVel?=1.298 isOnGround=0 isUD=0 gMod=1.00 speed=0.900
[run-init] base getPos=(9.09,116.85) m_position=(7.79,114.58) simAfterSet getPos=(9.09,116.85) m_position=(7.79,114.58) isOnGround=0/0/1/0 baseLGO=0x0 simLGO=0x0 baseColl=0x0 simColl=0x0 baseYV=10.100 simYV=10.100 base_lastGroundedPos=(2.60,105.00) sim_lastGroundedPos=(2.60,105.00) base_lastPos=(7.79,114.58) sim_lastPos=(7.79,114.58) base_yStart=11.18 sim_yStart=11.18 base_fallStartY=0.00 sim_fallStartY=0.00 base_lastPortalPos=(0.00,0.00) sim_lastPortalPos=(0.00,0.00) portalY=0.00
[sim-tick] runPlan iter=0 pos=(10.4,119.1) yVel=9.884 xVel?=0.000 isOnGround=0 isUD=0 gMod=1.00 speed=0.900
[sim-tick] runPlan iter=30 pos=(49.3,163.2) yVel=3.404 xVel?=1.298 isOnGround=0 isUD=0 gMod=1.00 speed=0.900
[sim-tick] runPlan iter=60 pos=(88.3,163.6) yVel=-3.076 xVel?=1.298 isOnGround=0 isUD=0 gMod=1.00 speed=0.900
[sim-tick] runPlan iter=90 pos=(127.2,120.2) yVel=-9.556 xVel?=1.298 isOnGround=0 isUD=0 gMod=1.00 speed=0.900
[sim-tick] runPlan iter=120 pos=(166.2,105.0) yVel=-0.216 xVel?=1.298 isOnGround=0 isUD=0 gMod=1.00 speed=0.900
[sim-tick] runPlan iter=150 pos=(205.1,105.0) yVel=-0.216 xVel?=1.298 isOnGround=0 isUD=0 gMod=1.00 speed=0.900
[sim-tick] runPlan iter=180 pos=(244.1,105.0) yVel=-0.216 xVel?=1.298 isOnGround=0 isUD=0 gMod=1.00 speed=0.900
[sim-tick] runPlan iter=210 pos=(283.0,105.0) yVel=-0.216 xVel?=1.298 isOnGround=0 isUD=0 gMod=1.00 speed=0.900
[run-init] base getPos=(9.09,116.85) m_position=(7.79,114.58) simAfterSet getPos=(9.09,116.85) m_position=(7.79,114.58) isOnGround=0/0/1/0 baseLGO=0x0 simLGO=0x0 baseColl=0x0 simColl=0x0 baseYV=10.100 simYV=10.100 base_lastGroundedPos=(2.60,105.00) sim_lastGroundedPos=(2.60,105.00) base_lastPos=(7.79,114.58) sim_lastPos=(7.79,114.58) base_yStart=11.18 sim_yStart=11.18 base_fallStartY=0.00 sim_fallStartY=0.00 base_lastPortalPos=(0.00,0.00) sim_lastPortalPos=(0.00,0.00) portalY=0.00
[sim-tick] runPlan iter=0 pos=(10.4,119.1) yVel=9.884 xVel?=0.000 isOnGround=0 isUD=0 gMod=1.00 speed=0.900
[sim-tick] runPlan iter=30 pos=(49.3,163.2) yVel=3.404 xVel?=1.298 isOnGround=0 isUD=0 gMod=1.00 speed=0.900
[sim-tick] runPlan iter=60 pos=(88.3,163.6) yVel=-3.076 xVel?=1.298 isOnGround=0 isUD=0 gMod=1.00 speed=0.900
[sim-tick] runPlan iter=90 pos=(127.2,120.2) yVel=-9.556 xVel?=1.298 isOnGround=0 isUD=0 gMod=1.00 speed=0.900
[sim-tick] runPlan iter=120 pos=(166.2,150.6) yVel=6.428 xVel?=1.298 isOnGround=0 isUD=0 gMod=1.00 speed=0.900
[sim-tick] runPlan iter=150 pos=(205.1,171.4) yVel=-0.052 xVel?=1.298 isOnGround=0 isUD=0 gMod=1.00 speed=0.900
[sim-tick] runPlan iter=180 pos=(244.1,148.4) yVel=-6.532 xVel?=1.298 isOnGround=0 isUD=0 gMod=1.00 speed=0.900
[sim-tick] runPlan iter=210 pos=(283.0,123.8) yVel=9.668 xVel?=1.298 isOnGround=0 isUD=0 gMod=1.00 speed=0.900
[sim-tick] runPlan iter=240 pos=(322.0,166.4) yVel=3.188 xVel?=1.298 isOnGround=0 isUD=0 gMod=1.00 speed=0.900
[sim-tick] runPlan iter=270 pos=(360.9,165.3) yVel=-3.292 xVel?=1.298 isOnGround=0 isUD=0 gMod=1.00 speed=0.900
[run-init] base getPos=(9.09,116.85) m_position=(7.79,114.58) simAfterSet getPos=(9.09,116.85) m_position=(7.79,114.58) isOnGround=0/0/1/0 baseLGO=0x0 simLGO=0x0 baseColl=0x0 simColl=0x0 baseYV=10.100 simYV=10.100 base_lastGroundedPos=(2.60,105.00) sim_lastGroundedPos=(2.60,105.00) base_lastPos=(7.79,114.58) sim_lastPos=(7.79,114.58) base_yStart=11.18 sim_yStart=11.18 base_fallStartY=0.00 sim_fallStartY=0.00 base_lastPortalPos=(0.00,0.00) sim_lastPortalPos=(0.00,0.00) portalY=0.00
[sim-tick] runPlan iter=0 pos=(10.4,119.1) yVel=9.884 xVel?=0.000 isOnGround=0 isUD=0 gMod=1.00 speed=0.900
[sim-tick] runPlan iter=30 pos=(49.3,163.2) yVel=3.404 xVel?=1.298 isOnGround=0 isUD=0 gMod=1.00 speed=0.900
[sim-tick] runPlan iter=60 pos=(88.3,163.6) yVel=-3.076 xVel?=1.298 isOnGround=0 isUD=0 gMod=1.00 speed=0.900
[sim-tick] runPlan iter=90 pos=(127.2,120.2) yVel=-9.556 xVel?=1.298 isOnGround=0 isUD=0 gMod=1.00 speed=0.900
[sim-tick] runPlan iter=120 pos=(166.2,150.6) yVel=6.428 xVel?=1.298 isOnGround=0 isUD=0 gMod=1.00 speed=0.900
[sim-tick] runPlan iter=150 pos=(205.1,171.4) yVel=-0.052 xVel?=1.298 isOnGround=0 isUD=0 gMod=1.00 speed=0.900
[sim-tick] runPlan iter=180 pos=(244.1,148.4) yVel=-6.532 xVel?=1.298 isOnGround=0 isUD=0 gMod=1.00 speed=0.900
[sim-tick] runPlan iter=210 pos=(283.0,123.8) yVel=9.668 xVel?=1.298 isOnGround=0 isUD=0 gMod=1.00 speed=0.900
[sim-tick] runPlan iter=240 pos=(322.0,166.4) yVel=3.188 xVel?=1.298 isOnGround=0 isUD=0 gMod=1.00 speed=0.900
[sim-tick] runPlan iter=270 pos=(360.9,165.3) yVel=-3.292 xVel?=1.298 isOnGround=0 isUD=0 gMod=1.00 speed=0.900
[run-init] base getPos=(9.09,116.85) m_position=(7.79,114.58) simAfterSet getPos=(9.09,116.85) m_position=(7.79,114.58) isOnGround=0/0/1/0 baseLGO=0x0 simLGO=0x0 baseColl=0x0 simColl=0x0 baseYV=10.100 simYV=10.100 base_lastGroundedPos=(2.60,105.00) sim_lastGroundedPos=(2.60,105.00) base_lastPos=(7.79,114.58) sim_lastPos=(7.79,114.58) base_yStart=11.18 sim_yStart=11.18 base_fallStartY=0.00 sim_fallStartY=0.00 base_lastPortalPos=(0.00,0.00) sim_lastPortalPos=(0.00,0.00) portalY=0.00
[sim-tick] runPlan iter=0 pos=(10.4,119.1) yVel=9.884 xVel?=0.000 isOnGround=0 isUD=0 gMod=1.00 speed=0.900
[sim-tick] runPlan iter=30 pos=(49.3,163.2) yVel=3.404 xVel?=1.298 isOnGround=0 isUD=0 gMod=1.00 speed=0.900
[sim-tick] runPlan iter=60 pos=(88.3,163.6) yVel=-3.076 xVel?=1.298 isOnGround=0 isUD=0 gMod=1.00 speed=0.900
[sim-tick] runPlan iter=90 pos=(127.2,120.2) yVel=-9.556 xVel?=1.298 isOnGround=0 isUD=0 gMod=1.00 speed=0.900
[sim-tick] runPlan iter=120 pos=(166.2,150.6) yVel=6.428 xVel?=1.298 isOnGround=0 isUD=0 gMod=1.00 speed=0.900
[sim-tick] runPlan iter=150 pos=(205.1,171.4) yVel=-0.052 xVel?=1.298 isOnGround=0 isUD=0 gMod=1.00 speed=0.900
[sim-tick] runPlan iter=180 pos=(244.1,148.4) yVel=-6.532 xVel?=1.298 isOnGround=0 isUD=0 gMod=1.00 speed=0.900
[sim-tick] runPlan iter=210 pos=(283.0,123.8) yVel=9.668 xVel?=1.298 isOnGround=0 isUD=0 gMod=1.00 speed=0.900
[sim-tick] runPlan iter=240 pos=(322.0,166.4) yVel=3.188 xVel?=1.298 isOnGround=0 isUD=0 gMod=1.00 speed=0.900
[sim-tick] runPlan iter=270 pos=(360.9,165.3) yVel=-3.292 xVel?=1.298 isOnGround=0 isUD=0 gMod=1.00 speed=0.900
[run-init] base getPos=(9.09,116.85) m_position=(7.79,114.58) simAfterSet getPos=(9.09,116.85) m_position=(7.79,114.58) isOnGround=0/0/1/0 baseLGO=0x0 simLGO=0x0 baseColl=0x0 simColl=0x0 baseYV=10.100 simYV=10.100 base_lastGroundedPos=(2.60,105.00) sim_lastGroundedPos=(2.60,105.00) base_lastPos=(7.79,114.58) sim_lastPos=(7.79,114.58) base_yStart=11.18 sim_yStart=11.18 base_fallStartY=0.00 sim_fallStartY=0.00 base_lastPortalPos=(0.00,0.00) sim_lastPortalPos=(0.00,0.00) portalY=0.00
[sim-tick] runPlan iter=0 pos=(10.4,119.1) yVel=9.884 xVel?=0.000 isOnGround=0 isUD=0 gMod=1.00 speed=0.900
[sim-tick] runPlan iter=30 pos=(49.3,163.2) yVel=3.404 xVel?=1.298 isOnGround=0 isUD=0 gMod=1.00 speed=0.900
[sim-tick] runPlan iter=60 pos=(88.3,163.6) yVel=-3.076 xVel?=1.298 isOnGround=0 isUD=0 gMod=1.00 speed=0.900
[sim-tick] runPlan iter=90 pos=(127.2,120.2) yVel=-9.556 xVel?=1.298 isOnGround=0 isUD=0 gMod=1.00 speed=0.900
[sim-tick] runPlan iter=120 pos=(166.2,150.6) yVel=6.428 xVel?=1.298 isOnGround=0 isUD=0 gMod=1.00 speed=0.900
[sim-tick] runPlan iter=150 pos=(205.1,171.4) yVel=-0.052 xVel?=1.298 isOnGround=0 isUD=0 gMod=1.00 speed=0.900
[sim-tick] runPlan iter=180 pos=(244.1,148.4) yVel=-6.532 xVel?=1.298 isOnGround=0 isUD=0 gMod=1.00 speed=0.900
[sim-tick] runPlan iter=210 pos=(283.0,123.8) yVel=9.668 xVel?=1.298 isOnGround=0 isUD=0 gMod=1.00 speed=0.900
[sim-tick] runPlan iter=240 pos=(322.0,166.4) yVel=3.188 xVel?=1.298 isOnGround=0 isUD=0 gMod=1.00 speed=0.900
[sim-tick] runPlan iter=270 pos=(360.9,165.3) yVel=-3.292 xVel?=1.298 isOnGround=0 isUD=0 gMod=1.00 speed=0.900
[run-init] base getPos=(16.88,129.46) m_position=(12.98,123.37) simAfterSet getPos=(16.88,129.46) m_position=(12.98,123.37) isOnGround=0/0/1/0 baseLGO=0x0 simLGO=0x0 baseColl=0x0 simColl=0x0 baseYV=8.804 simYV=8.804 base_lastGroundedPos=(2.60,105.00) sim_lastGroundedPos=(2.60,105.00) base_lastPos=(15.58,127.48) sim_lastPos=(15.58,127.48) base_yStart=11.18 sim_yStart=11.18 base_fallStartY=0.00 sim_fallStartY=0.00 base_lastPortalPos=(0.00,0.00) sim_lastPortalPos=(0.00,0.00) portalY=0.00
[sim-tick] runPlan iter=0 pos=(18.2,131.4) yVel=8.588 xVel?=0.000 isOnGround=0 isUD=0 gMod=1.00 speed=0.900
[sim-tick] runPlan iter=30 pos=(57.1,166.8) yVel=2.108 xVel?=1.298 isOnGround=0 isUD=0 gMod=1.00 speed=0.900
[sim-tick] runPlan iter=60 pos=(96.1,158.4) yVel=-4.372 xVel?=1.298 isOnGround=0 isUD=0 gMod=1.00 speed=0.900
[sim-tick] runPlan iter=90 pos=(135.0,106.3) yVel=-10.852 xVel?=1.298 isOnGround=0 isUD=0 gMod=1.00 speed=0.900
[sim-tick] runPlan iter=120 pos=(174.0,105.0) yVel=-0.216 xVel?=1.298 isOnGround=0 isUD=0 gMod=1.00 speed=0.900
[sim-tick] runPlan iter=150 pos=(212.9,105.0) yVel=-0.216 xVel?=1.298 isOnGround=0 isUD=0 gMod=1.00 speed=0.900
[sim-tick] runPlan iter=180 pos=(251.9,105.0) yVel=-0.216 xVel?=1.298 isOnGround=0 isUD=0 gMod=1.00 speed=0.900
[sim-tick] runPlan iter=210 pos=(290.8,105.0) yVel=-0.216 xVel?=1.298 isOnGround=0 isUD=0 gMod=1.00 speed=0.900
[run-init] base getPos=(16.88,129.46) m_position=(12.98,123.37) simAfterSet getPos=(16.88,129.46) m_position=(12.98,123.37) isOnGround=0/0/1/0 baseLGO=0x0 simLGO=0x0 baseColl=0x0 simColl=0x0 baseYV=8.804 simYV=8.804 base_lastGroundedPos=(2.60,105.00) sim_lastGroundedPos=(2.60,105.00) base_lastPos=(15.58,127.48) sim_lastPos=(15.58,127.48) base_yStart=11.18 sim_yStart=11.18 base_fallStartY=0.00 sim_fallStartY=0.00 base_lastPortalPos=(0.00,0.00) sim_lastPortalPos=(0.00,0.00) portalY=0.00
[sim-tick] runPlan iter=0 pos=(18.2,131.4) yVel=8.588 xVel?=0.000 isOnGround=0 isUD=0 gMod=1.00 speed=0.900
[sim-tick] runPlan iter=30 pos=(57.1,166.8) yVel=2.108 xVel?=1.298 isOnGround=0 isUD=0 gMod=1.00 speed=0.900
[sim-tick] runPlan iter=60 pos=(96.1,158.4) yVel=-4.372 xVel?=1.298 isOnGround=0 isUD=0 gMod=1.00 speed=0.900
[sim-tick] runPlan iter=90 pos=(135.0,106.3) yVel=-10.852 xVel?=1.298 isOnGround=0 isUD=0 gMod=1.00 speed=0.900
[sim-tick] runPlan iter=120 pos=(174.0,105.0) yVel=-0.216 xVel?=1.298 isOnGround=0 isUD=0 gMod=1.00 speed=0.900
[sim-tick] runPlan iter=150 pos=(212.9,105.0) yVel=-0.216 xVel?=1.298 isOnGround=0 isUD=0 gMod=1.00 speed=0.900
[sim-tick] runPlan iter=180 pos=(251.9,105.0) yVel=-0.216 xVel?=1.298 isOnGround=0 isUD=0 gMod=1.00 speed=0.900
[sim-tick] runPlan iter=210 pos=(290.8,105.0) yVel=-0.216 xVel?=1.298 isOnGround=0 isUD=0 gMod=1.00 speed=0.900
[run-init] base getPos=(16.88,129.46) m_position=(12.98,123.37) simAfterSet getPos=(16.88,129.46) m_position=(12.98,123.37) isOnGround=0/0/1/0 baseLGO=0x0 simLGO=0x0 baseColl=0x0 simColl=0x0 baseYV=8.804 simYV=8.804 base_lastGroundedPos=(2.60,105.00) sim_lastGroundedPos=(2.60,105.00) base_lastPos=(15.58,127.48) sim_lastPos=(15.58,127.48) base_yStart=11.18 sim_yStart=11.18 base_fallStartY=0.00 sim_fallStartY=0.00 base_lastPortalPos=(0.00,0.00) sim_lastPortalPos=(0.00,0.00) portalY=0.00
[sim-tick] runPlan iter=0 pos=(18.2,131.4) yVel=8.588 xVel?=0.000 isOnGround=0 isUD=0 gMod=1.00 speed=0.900
[sim-tick] runPlan iter=30 pos=(57.1,166.8) yVel=2.108 xVel?=1.298 isOnGround=0 isUD=0 gMod=1.00 speed=0.900
[sim-tick] runPlan iter=60 pos=(96.1,158.4) yVel=-4.372 xVel?=1.298 isOnGround=0 isUD=0 gMod=1.00 speed=0.900
[sim-tick] runPlan iter=90 pos=(135.0,106.3) yVel=-10.852 xVel?=1.298 isOnGround=0 isUD=0 gMod=1.00 speed=0.900
[sim-tick] runPlan iter=120 pos=(174.0,105.0) yVel=-0.216 xVel?=1.298 isOnGround=0 isUD=0 gMod=1.00 speed=0.900
[sim-tick] runPlan iter=150 pos=(212.9,105.0) yVel=-0.216 xVel?=1.298 isOnGround=0 isUD=0 gMod=1.00 speed=0.900
[sim-tick] runPlan iter=180 pos=(251.9,105.0) yVel=-0.216 xVel?=1.298 isOnGround=0 isUD=0 gMod=1.00 speed=0.900
[sim-tick] runPlan iter=210 pos=(290.8,105.0) yVel=-0.216 xVel?=1.298 isOnGround=0 isUD=0 gMod=1.00 speed=0.900
[run-init] base getPos=(16.88,129.46) m_position=(12.98,123.37) simAfterSet getPos=(16.88,129.46) m_position=(12.98,123.37) isOnGround=0/0/1/0 baseLGO=0x0 simLGO=0x0 baseColl=0x0 simColl=0x0 baseYV=8.804 simYV=8.804 base_lastGroundedPos=(2.60,105.00) sim_lastGroundedPos=(2.60,105.00) base_lastPos=(15.58,127.48) sim_lastPos=(15.58,127.48) base_yStart=11.18 sim_yStart=11.18 base_fallStartY=0.00 sim_fallStartY=0.00 base_lastPortalPos=(0.00,0.00) sim_lastPortalPos=(0.00,0.00) portalY=0.00
[sim-tick] runPlan iter=0 pos=(18.2,131.4) yVel=8.588 xVel?=0.000 isOnGround=0 isUD=0 gMod=1.00 speed=0.900
[sim-tick] runPlan iter=30 pos=(57.1,166.8) yVel=2.108 xVel?=1.298 isOnGround=0 isUD=0 gMod=1.00 speed=0.900
[sim-tick] runPlan iter=60 pos=(96.1,158.4) yVel=-4.372 xVel?=1.298 isOnGround=0 isUD=0 gMod=1.00 speed=0.900
[sim-tick] runPlan iter=90 pos=(135.0,106.3) yVel=-10.852 xVel?=1.298 isOnGround=0 isUD=0 gMod=1.00 speed=0.900
[sim-tick] runPlan iter=120 pos=(174.0,158.2) yVel=5.132 xVel?=1.298 isOnGround=0 isUD=0 gMod=1.00 speed=0.900
[sim-tick] runPlan iter=150 pos=(212.9,170.3) yVel=-1.348 xVel?=1.298 isOnGround=0 isUD=0 gMod=1.00 speed=0.900
[sim-tick] runPlan iter=180 pos=(251.9,138.6) yVel=-7.828 xVel?=1.298 isOnGround=0 isUD=0 gMod=1.00 speed=0.900
[sim-tick] runPlan iter=210 pos=(290.8,135.8) yVel=8.372 xVel?=1.298 isOnGround=0 isUD=0 gMod=1.00 speed=0.900
[sim-tick] runPlan iter=240 pos=(329.8,169.7) yVel=1.892 xVel?=1.298 isOnGround=0 isUD=0 gMod=1.00 speed=0.900
[sim-tick] runPlan iter=270 pos=(368.7,159.9) yVel=-4.588 xVel?=1.298 isOnGround=0 isUD=0 gMod=1.00 speed=0.900
[run-init] base getPos=(16.88,129.46) m_position=(12.98,123.37) simAfterSet getPos=(16.88,129.46) m_position=(12.98,123.37) isOnGround=0/0/1/0 baseLGO=0x0 simLGO=0x0 baseColl=0x0 simColl=0x0 baseYV=8.804 simYV=8.804 base_lastGroundedPos=(2.60,105.00) sim_lastGroundedPos=(2.60,105.00) base_lastPos=(15.58,127.48) sim_lastPos=(15.58,127.48) base_yStart=11.18 sim_yStart=11.18 base_fallStartY=0.00 sim_fallStartY=0.00 base_lastPortalPos=(0.00,0.00) sim_lastPortalPos=(0.00,0.00) portalY=0.00
[sim-tick] runPlan iter=0 pos=(18.2,131.4) yVel=8.588 xVel?=0.000 isOnGround=0 isUD=0 gMod=1.00 speed=0.900
[sim-tick] runPlan iter=30 pos=(57.1,166.8) yVel=2.108 xVel?=1.298 isOnGround=0 isUD=0 gMod=1.00 speed=0.900
[sim-tick] runPlan iter=60 pos=(96.1,158.4) yVel=-4.372 xVel?=1.298 isOnGround=0 isUD=0 gMod=1.00 speed=0.900
[sim-tick] runPlan iter=90 pos=(135.0,106.3) yVel=-10.852 xVel?=1.298 isOnGround=0 isUD=0 gMod=1.00 speed=0.900
[sim-tick] runPlan iter=120 pos=(174.0,158.2) yVel=5.132 xVel?=1.298 isOnGround=0 isUD=0 gMod=1.00 speed=0.900
[sim-tick] runPlan iter=150 pos=(212.9,170.3) yVel=-1.348 xVel?=1.298 isOnGround=0 isUD=0 gMod=1.00 speed=0.900
[sim-tick] runPlan iter=180 pos=(251.9,138.6) yVel=-7.828 xVel?=1.298 isOnGround=0 isUD=0 gMod=1.00 speed=0.900
[sim-tick] runPlan iter=210 pos=(290.8,135.8) yVel=8.372 xVel?=1.298 isOnGround=0 isUD=0 gMod=1.00 speed=0.900
[sim-tick] runPlan iter=240 pos=(329.8,169.7) yVel=1.892 xVel?=1.298 isOnGround=0 isUD=0 gMod=1.00 speed=0.900
[sim-tick] runPlan iter=270 pos=(368.7,159.9) yVel=-4.588 xVel?=1.298 isOnGround=0 isUD=0 gMod=1.00 speed=0.900
[run-init] base getPos=(16.88,129.46) m_position=(12.98,123.37) simAfterSet getPos=(16.88,129.46) m_position=(12.98,123.37) isOnGround=0/0/1/0 baseLGO=0x0 simLGO=0x0 baseColl=0x0 simColl=0x0 baseYV=8.804 simYV=8.804 base_lastGroundedPos=(2.60,105.00) sim_lastGroundedPos=(2.60,105.00) base_lastPos=(15.58,127.48) sim_lastPos=(15.58,127.48) base_yStart=11.18 sim_yStart=11.18 base_fallStartY=0.00 sim_fallStartY=0.00 base_lastPortalPos=(0.00,0.00) sim_lastPortalPos=(0.00,0.00) portalY=0.00
[sim-tick] runPlan iter=0 pos=(18.2,131.4) yVel=8.588 xVel?=0.000 isOnGround=0 isUD=0 gMod=1.00 speed=0.900
[sim-tick] runPlan iter=30 pos=(57.1,166.8) yVel=2.108 xVel?=1.298 isOnGround=0 isUD=0 gMod=1.00 speed=0.900
[sim-tick] runPlan iter=60 pos=(96.1,158.4) yVel=-4.372 xVel?=1.298 isOnGround=0 isUD=0 gMod=1.00 speed=0.900
[sim-tick] runPlan iter=90 pos=(135.0,106.3) yVel=-10.852 xVel?=1.298 isOnGround=0 isUD=0 gMod=1.00 speed=0.900
[sim-tick] runPlan iter=120 pos=(174.0,158.2) yVel=5.132 xVel?=1.298 isOnGround=0 isUD=0 gMod=1.00 speed=0.900
[sim-tick] runPlan iter=150 pos=(212.9,170.3) yVel=-1.348 xVel?=1.298 isOnGround=0 isUD=0 gMod=1.00 speed=0.900
[sim-tick] runPlan iter=180 pos=(251.9,138.6) yVel=-7.828 xVel?=1.298 isOnGround=0 isUD=0 gMod=1.00 speed=0.900
[sim-tick] runPlan iter=210 pos=(290.8,135.8) yVel=8.372 xVel?=1.298 isOnGround=0 isUD=0 gMod=1.00 speed=0.900
[sim-tick] runPlan iter=240 pos=(329.8,169.7) yVel=1.892 xVel?=1.298 isOnGround=0 isUD=0 gMod=1.00 speed=0.900
[sim-tick] runPlan iter=270 pos=(368.7,159.9) yVel=-4.588 xVel?=1.298 isOnGround=0 isUD=0 gMod=1.00 speed=0.900
[run-init] base getPos=(16.88,129.46) m_position=(12.98,123.37) simAfterSet getPos=(16.88,129.46) m_position=(12.98,123.37) isOnGround=0/0/1/0 baseLGO=0x0 simLGO=0x0 baseColl=0x0 simColl=0x0 baseYV=8.804 simYV=8.804 base_lastGroundedPos=(2.60,105.00) sim_lastGroundedPos=(2.60,105.00) base_lastPos=(15.58,127.48) sim_lastPos=(15.58,127.48) base_yStart=11.18 sim_yStart=11.18 base_fallStartY=0.00 sim_fallStartY=0.00 base_lastPortalPos=(0.00,0.00) sim_lastPortalPos=(0.00,0.00) portalY=0.00
[sim-tick] runPlan iter=0 pos=(18.2,131.4) yVel=8.588 xVel?=0.000 isOnGround=0 isUD=0 gMod=1.00 speed=0.900
[sim-tick] runPlan iter=30 pos=(57.1,166.8) yVel=2.108 xVel?=1.298 isOnGround=0 isUD=0 gMod=1.00 speed=0.900
[sim-tick] runPlan iter=60 pos=(96.1,158.4) yVel=-4.372 xVel?=1.298 isOnGround=0 isUD=0 gMod=1.00 speed=0.900
[sim-tick] runPlan iter=90 pos=(135.0,106.3) yVel=-10.852 xVel?=1.298 isOnGround=0 isUD=0 gMod=1.00 speed=0.900
[sim-tick] runPlan iter=120 pos=(174.0,158.2) yVel=5.132 xVel?=1.298 isOnGround=0 isUD=0 gMod=1.00 speed=0.900
[sim-tick] runPlan iter=150 pos=(212.9,170.3) yVel=-1.348 xVel?=1.298 isOnGround=0 isUD=0 gMod=1.00 speed=0.900
[sim-tick] runPlan iter=180 pos=(251.9,138.6) yVel=-7.828 xVel?=1.298 isOnGround=0 isUD=0 gMod=1.00 speed=0.900
[sim-tick] runPlan iter=210 pos=(290.8,135.8) yVel=8.372 xVel?=1.298 isOnGround=0 isUD=0 gMod=1.00 speed=0.900
[sim-tick] runPlan iter=240 pos=(329.8,169.7) yVel=1.892 xVel?=1.298 isOnGround=0 isUD=0 gMod=1.00 speed=0.900
[sim-tick] runPlan iter=270 pos=(368.7,159.9) yVel=-4.588 xVel?=1.298 isOnGround=0 isUD=0 gMod=1.00 speed=0.900
[run-init] base getPos=(24.67,140.33) m_position=(23.37,138.64) simAfterSet getPos=(24.67,140.33) m_position=(23.37,138.64) isOnGround=0/0/1/0 baseLGO=0x0 simLGO=0x0 baseColl=0x0 simColl=0x0 baseYV=7.508 simYV=7.508 base_lastGroundedPos=(2.60,105.00) sim_lastGroundedPos=(2.60,105.00) base_lastPos=(23.37,138.64) sim_lastPos=(23.37,138.64) base_yStart=11.18 sim_yStart=11.18 base_fallStartY=0.00 sim_fallStartY=0.00 base_lastPortalPos=(0.00,0.00) sim_lastPortalPos=(0.00,0.00) portalY=0.00
[sim-tick] runPlan iter=0 pos=(26.0,142.0) yVel=7.292 xVel?=0.000 isOnGround=0 isUD=0 gMod=1.00 speed=0.900
[sim-tick] runPlan iter=30 pos=(64.9,168.6) yVel=0.812 xVel?=1.298 isOnGround=0 isUD=0 gMod=1.00 speed=0.900
[sim-tick] runPlan iter=60 pos=(103.9,151.5) yVel=-5.668 xVel?=1.298 isOnGround=0 isUD=0 gMod=1.00 speed=0.900
[sim-tick] runPlan iter=90 pos=(142.8,105.0) yVel=-0.216 xVel?=1.298 isOnGround=0 isUD=0 gMod=1.00 speed=0.900
[sim-tick] runPlan iter=120 pos=(181.8,105.0) yVel=-0.216 xVel?=1.298 isOnGround=0 isUD=0 gMod=1.00 speed=0.900
[sim-tick] runPlan iter=150 pos=(220.7,105.0) yVel=-0.216 xVel?=1.298 isOnGround=0 isUD=0 gMod=1.00 speed=0.900
[sim-tick] runPlan iter=180 pos=(259.6,105.0) yVel=-0.216 xVel?=1.298 isOnGround=0 isUD=0 gMod=1.00 speed=0.900
[sim-tick] runPlan iter=210 pos=(298.6,105.0) yVel=-0.216 xVel?=1.298 isOnGround=0 isUD=0 gMod=1.00 speed=0.900
[run-init] base getPos=(24.67,140.33) m_position=(23.37,138.64) simAfterSet getPos=(24.67,140.33) m_position=(23.37,138.64) isOnGround=0/0/1/0 baseLGO=0x0 simLGO=0x0 baseColl=0x0 simColl=0x0 baseYV=7.508 simYV=7.508 base_lastGroundedPos=(2.60,105.00) sim_lastGroundedPos=(2.60,105.00) base_lastPos=(23.37,138.64) sim_lastPos=(23.37,138.64) base_yStart=11.18 sim_yStart=11.18 base_fallStartY=0.00 sim_fallStartY=0.00 base_lastPortalPos=(0.00,0.00) sim_lastPortalPos=(0.00,0.00) portalY=0.00
[sim-tick] runPlan iter=0 pos=(26.0,142.0) yVel=7.292 xVel?=0.000 isOnGround=0 isUD=0 gMod=1.00 speed=0.900
[sim-tick] runPlan iter=30 pos=(64.9,168.6) yVel=0.812 xVel?=1.298 isOnGround=0 isUD=0 gMod=1.00 speed=0.900
[sim-tick] runPlan iter=60 pos=(103.9,151.5) yVel=-5.668 xVel?=1.298 isOnGround=0 isUD=0 gMod=1.00 speed=0.900
[sim-tick] runPlan iter=90 pos=(142.8,117.1) yVel=10.316 xVel?=1.298 isOnGround=0 isUD=0 gMod=1.00 speed=0.900
[sim-tick] runPlan iter=120 pos=(181.8,164.1) yVel=3.836 xVel?=1.298 isOnGround=0 isUD=0 gMod=1.00 speed=0.900
[sim-tick] runPlan iter=150 pos=(220.7,167.4) yVel=-2.644 xVel?=1.298 isOnGround=0 isUD=0 gMod=1.00 speed=0.900
[sim-tick] runPlan iter=180 pos=(259.6,127.0) yVel=-9.124 xVel?=1.298 isOnGround=0 isUD=0 gMod=1.00 speed=0.900
[sim-tick] runPlan iter=210 pos=(298.6,105.0) yVel=-0.216 xVel?=1.298 isOnGround=0 isUD=0 gMod=1.00 speed=0.900
[run-init] base getPos=(24.67,140.33) m_position=(23.37,138.64) simAfterSet getPos=(24.67,140.33) m_position=(23.37,138.64) isOnGround=0/0/1/0 baseLGO=0x0 simLGO=0x0 baseColl=0x0 simColl=0x0 baseYV=7.508 simYV=7.508 base_lastGroundedPos=(2.60,105.00) sim_lastGroundedPos=(2.60,105.00) base_lastPos=(23.37,138.64) sim_lastPos=(23.37,138.64) base_yStart=11.18 sim_yStart=11.18 base_fallStartY=0.00 sim_fallStartY=0.00 base_lastPortalPos=(0.00,0.00) sim_lastPortalPos=(0.00,0.00) portalY=0.00
[sim-tick] runPlan iter=0 pos=(26.0,142.0) yVel=7.292 xVel?=0.000 isOnGround=0 isUD=0 gMod=1.00 speed=0.900
[sim-tick] runPlan iter=30 pos=(64.9,168.6) yVel=0.812 xVel?=1.298 isOnGround=0 isUD=0 gMod=1.00 speed=0.900
[sim-tick] runPlan iter=60 pos=(103.9,151.5) yVel=-5.668 xVel?=1.298 isOnGround=0 isUD=0 gMod=1.00 speed=0.900
[sim-tick] runPlan iter=90 pos=(142.8,105.0) yVel=-0.216 xVel?=1.298 isOnGround=0 isUD=0 gMod=1.00 speed=0.900
[sim-tick] runPlan iter=120 pos=(181.8,105.0) yVel=-0.216 xVel?=1.298 isOnGround=0 isUD=0 gMod=1.00 speed=0.900
[sim-tick] runPlan iter=150 pos=(220.7,105.0) yVel=-0.216 xVel?=1.298 isOnGround=0 isUD=0 gMod=1.00 speed=0.900
[sim-tick] runPlan iter=180 pos=(259.6,105.0) yVel=-0.216 xVel?=1.298 isOnGround=0 isUD=0 gMod=1.00 speed=0.900
[sim-tick] runPlan iter=210 pos=(298.6,105.0) yVel=-0.216 xVel?=1.298 isOnGround=0 isUD=0 gMod=1.00 speed=0.900
[run-init] base getPos=(24.67,140.33) m_position=(23.37,138.64) simAfterSet getPos=(24.67,140.33) m_position=(23.37,138.64) isOnGround=0/0/1/0 baseLGO=0x0 simLGO=0x0 baseColl=0x0 simColl=0x0 baseYV=7.508 simYV=7.508 base_lastGroundedPos=(2.60,105.00) sim_lastGroundedPos=(2.60,105.00) base_lastPos=(23.37,138.64) sim_lastPos=(23.37,138.64) base_yStart=11.18 sim_yStart=11.18 base_fallStartY=0.00 sim_fallStartY=0.00 base_lastPortalPos=(0.00,0.00) sim_lastPortalPos=(0.00,0.00) portalY=0.00
[sim-tick] runPlan iter=0 pos=(26.0,142.0) yVel=7.292 xVel?=0.000 isOnGround=0 isUD=0 gMod=1.00 speed=0.900
[sim-tick] runPlan iter=30 pos=(64.9,168.6) yVel=0.812 xVel?=1.298 isOnGround=0 isUD=0 gMod=1.00 speed=0.900
[sim-tick] runPlan iter=60 pos=(103.9,151.5) yVel=-5.668 xVel?=1.298 isOnGround=0 isUD=0 gMod=1.00 speed=0.900
[sim-tick] runPlan iter=90 pos=(142.8,117.1) yVel=10.316 xVel?=1.298 isOnGround=0 isUD=0 gMod=1.00 speed=0.900
[sim-tick] runPlan iter=120 pos=(181.8,164.1) yVel=3.836 xVel?=1.298 isOnGround=0 isUD=0 gMod=1.00 speed=0.900
[sim-tick] runPlan iter=150 pos=(220.7,167.4) yVel=-2.644 xVel?=1.298 isOnGround=0 isUD=0 gMod=1.00 speed=0.900
[sim-tick] runPlan iter=180 pos=(259.6,127.0) yVel=-9.124 xVel?=1.298 isOnGround=0 isUD=0 gMod=1.00 speed=0.900
[sim-tick] runPlan iter=210 pos=(298.6,146.1) yVel=7.076 xVel?=1.298 isOnGround=0 isUD=0 gMod=1.00 speed=0.900
[sim-tick] runPlan iter=240 pos=(337.5,171.2) yVel=0.596 xVel?=1.298 isOnGround=0 isUD=0 gMod=1.00 speed=0.900
[sim-tick] runPlan iter=270 pos=(376.5,152.7) yVel=-5.884 xVel?=1.298 isOnGround=0 isUD=0 gMod=1.00 speed=0.900
[run-init] base getPos=(24.67,140.33) m_position=(23.37,138.64) simAfterSet getPos=(24.67,140.33) m_position=(23.37,138.64) isOnGround=0/0/1/0 baseLGO=0x0 simLGO=0x0 baseColl=0x0 simColl=0x0 baseYV=7.508 simYV=7.508 base_lastGroundedPos=(2.60,105.00) sim_lastGroundedPos=(2.60,105.00) base_lastPos=(23.37,138.64) sim_lastPos=(23.37,138.64) base_yStart=11.18 sim_yStart=11.18 base_fallStartY=0.00 sim_fallStartY=0.00 base_lastPortalPos=(0.00,0.00) sim_lastPortalPos=(0.00,0.00) portalY=0.00
[sim-tick] runPlan iter=0 pos=(26.0,142.0) yVel=7.292 xVel?=0.000 isOnGround=0 isUD=0 gMod=1.00 speed=0.900
[sim-tick] runPlan iter=30 pos=(64.9,168.6) yVel=0.812 xVel?=1.298 isOnGround=0 isUD=0 gMod=1.00 speed=0.900
[sim-tick] runPlan iter=60 pos=(103.9,151.5) yVel=-5.668 xVel?=1.298 isOnGround=0 isUD=0 gMod=1.00 speed=0.900
[sim-tick] runPlan iter=90 pos=(142.8,117.1) yVel=10.316 xVel?=1.298 isOnGround=0 isUD=0 gMod=1.00 speed=0.900
[sim-tick] runPlan iter=120 pos=(181.8,164.1) yVel=3.836 xVel?=1.298 isOnGround=0 isUD=0 gMod=1.00 speed=0.900
[sim-tick] runPlan iter=150 pos=(220.7,167.4) yVel=-2.644 xVel?=1.298 isOnGround=0 isUD=0 gMod=1.00 speed=0.900
[sim-tick] runPlan iter=180 pos=(259.6,127.0) yVel=-9.124 xVel?=1.298 isOnGround=0 isUD=0 gMod=1.00 speed=0.900
[sim-tick] runPlan iter=210 pos=(298.6,146.1) yVel=7.076 xVel?=1.298 isOnGround=0 isUD=0 gMod=1.00 speed=0.900
[sim-tick] runPlan iter=240 pos=(337.5,171.2) yVel=0.596 xVel?=1.298 isOnGround=0 isUD=0 gMod=1.00 speed=0.900
[sim-tick] runPlan iter=270 pos=(376.5,152.7) yVel=-5.884 xVel?=1.298 isOnGround=0 isUD=0 gMod=1.00 speed=0.900
[run-init] base getPos=(24.67,140.33) m_position=(23.37,138.64) simAfterSet getPos=(24.67,140.33) m_position=(23.37,138.64) isOnGround=0/0/1/0 baseLGO=0x0 simLGO=0x0 baseColl=0x0 simColl=0x0 baseYV=7.508 simYV=7.508 base_lastGroundedPos=(2.60,105.00) sim_lastGroundedPos=(2.60,105.00) base_lastPos=(23.37,138.64) sim_lastPos=(23.37,138.64) base_yStart=11.18 sim_yStart=11.18 base_fallStartY=0.00 sim_fallStartY=0.00 base_lastPortalPos=(0.00,0.00) sim_lastPortalPos=(0.00,0.00) portalY=0.00
[sim-tick] runPlan iter=0 pos=(26.0,142.0) yVel=7.292 xVel?=0.000 isOnGround=0 isUD=0 gMod=1.00 speed=0.900
[sim-tick] runPlan iter=30 pos=(64.9,168.6) yVel=0.812 xVel?=1.298 isOnGround=0 isUD=0 gMod=1.00 speed=0.900
[sim-tick] runPlan iter=60 pos=(103.9,151.5) yVel=-5.668 xVel?=1.298 isOnGround=0 isUD=0 gMod=1.00 speed=0.900
[sim-tick] runPlan iter=90 pos=(142.8,117.1) yVel=10.316 xVel?=1.298 isOnGround=0 isUD=0 gMod=1.00 speed=0.900
[sim-tick] runPlan iter=120 pos=(181.8,164.1) yVel=3.836 xVel?=1.298 isOnGround=0 isUD=0 gMod=1.00 speed=0.900
[sim-tick] runPlan iter=150 pos=(220.7,167.4) yVel=-2.644 xVel?=1.298 isOnGround=0 isUD=0 gMod=1.00 speed=0.900
[sim-tick] runPlan iter=180 pos=(259.6,127.0) yVel=-9.124 xVel?=1.298 isOnGround=0 isUD=0 gMod=1.00 speed=0.900
[sim-tick] runPlan iter=210 pos=(298.6,146.1) yVel=7.076 xVel?=1.298 isOnGround=0 isUD=0 gMod=1.00 speed=0.900
[sim-tick] runPlan iter=240 pos=(337.5,171.2) yVel=0.596 xVel?=1.298 isOnGround=0 isUD=0 gMod=1.00 speed=0.900
[sim-tick] runPlan iter=270 pos=(376.5,152.7) yVel=-5.884 xVel?=1.298 isOnGround=0 isUD=0 gMod=1.00 speed=0.900
[run-init] base getPos=(24.67,140.33) m_position=(23.37,138.64) simAfterSet getPos=(24.67,140.33) m_position=(23.37,138.64) isOnGround=0/0/1/0 baseLGO=0x0 simLGO=0x0 baseColl=0x0 simColl=0x0 baseYV=7.508 simYV=7.508 base_lastGroundedPos=(2.60,105.00) sim_lastGroundedPos=(2.60,105.00) base_lastPos=(23.37,138.64) sim_lastPos=(23.37,138.64) base_yStart=11.18 sim_yStart=11.18 base_fallStartY=0.00 sim_fallStartY=0.00 base_lastPortalPos=(0.00,0.00) sim_lastPortalPos=(0.00,0.00) portalY=0.00
[sim-tick] runPlan iter=0 pos=(26.0,142.0) yVel=7.292 xVel?=0.000 isOnGround=0 isUD=0 gMod=1.00 speed=0.900
[sim-tick] runPlan iter=30 pos=(64.9,168.6) yVel=0.812 xVel?=1.298 isOnGround=0 isUD=0 gMod=1.00 speed=0.900
[sim-tick] runPlan iter=60 pos=(103.9,151.5) yVel=-5.668 xVel?=1.298 isOnGround=0 isUD=0 gMod=1.00 speed=0.900
[sim-tick] runPlan iter=90 pos=(142.8,117.1) yVel=10.316 xVel?=1.298 isOnGround=0 isUD=0 gMod=1.00 speed=0.900
[sim-tick] runPlan iter=120 pos=(181.8,164.1) yVel=3.836 xVel?=1.298 isOnGround=0 isUD=0 gMod=1.00 speed=0.900
[sim-tick] runPlan iter=150 pos=(220.7,167.4) yVel=-2.644 xVel?=1.298 isOnGround=0 isUD=0 gMod=1.00 speed=0.900
[sim-tick] runPlan iter=180 pos=(259.6,127.0) yVel=-9.124 xVel?=1.298 isOnGround=0 isUD=0 gMod=1.00 speed=0.900
[sim-tick] runPlan iter=210 pos=(298.6,146.1) yVel=7.076 xVel?=1.298 isOnGround=0 isUD=0 gMod=1.00 speed=0.900
[sim-tick] runPlan iter=240 pos=(337.5,171.2) yVel=0.596 xVel?=1.298 isOnGround=0 isUD=0 gMod=1.00 speed=0.900
[sim-tick] runPlan iter=270 pos=(376.5,152.7) yVel=-5.884 xVel?=1.298 isOnGround=0 isUD=0 gMod=1.00 speed=0.900
[run-init] base getPos=(32.46,149.44) m_position=(31.16,148.05) simAfterSet getPos=(32.46,149.44) m_position=(31.16,148.05) isOnGround=0/0/1/0 baseLGO=0x0 simLGO=0x0 baseColl=0x0 simColl=0x0 baseYV=6.212 simYV=6.212 base_lastGroundedPos=(2.60,105.00) sim_lastGroundedPos=(2.60,105.00) base_lastPos=(31.16,148.05) sim_lastPos=(31.16,148.05) base_yStart=11.18 sim_yStart=11.18 base_fallStartY=0.00 sim_fallStartY=0.00 base_lastPortalPos=(0.00,0.00) sim_lastPortalPos=(0.00,0.00) portalY=0.00
[sim-tick] runPlan iter=0 pos=(33.8,150.8) yVel=5.996 xVel?=0.000 isOnGround=0 isUD=0 gMod=1.00 speed=0.900
[sim-tick] runPlan iter=30 pos=(72.7,168.7) yVel=-0.484 xVel?=1.298 isOnGround=0 isUD=0 gMod=1.00 speed=0.900
[sim-tick] runPlan iter=60 pos=(111.6,142.8) yVel=-6.964 xVel?=1.298 isOnGround=0 isUD=0 gMod=1.00 speed=0.900
[sim-tick] runPlan iter=90 pos=(150.6,105.0) yVel=-0.216 xVel?=1.298 isOnGround=0 isUD=0 gMod=1.00 speed=0.900
[sim-tick] runPlan iter=120 pos=(189.5,105.0) yVel=-0.216 xVel?=1.298 isOnGround=0 isUD=0 gMod=1.00 speed=0.900
[sim-tick] runPlan iter=150 pos=(228.5,105.0) yVel=-0.216 xVel?=1.298 isOnGround=0 isUD=0 gMod=1.00 speed=0.900
[sim-tick] runPlan iter=180 pos=(267.4,105.0) yVel=-0.216 xVel?=1.298 isOnGround=0 isUD=0 gMod=1.00 speed=0.900
[run-init] base getPos=(32.46,149.44) m_position=(31.16,148.05) simAfterSet getPos=(32.46,149.44) m_position=(31.16,148.05) isOnGround=0/0/1/0 baseLGO=0x0 simLGO=0x0 baseColl=0x0 simColl=0x0 baseYV=6.212 simYV=6.212 base_lastGroundedPos=(2.60,105.00) sim_lastGroundedPos=(2.60,105.00) base_lastPos=(31.16,148.05) sim_lastPos=(31.16,148.05) base_yStart=11.18 sim_yStart=11.18 base_fallStartY=0.00 sim_fallStartY=0.00 base_lastPortalPos=(0.00,0.00) sim_lastPortalPos=(0.00,0.00) portalY=0.00
[sim-tick] runPlan iter=0 pos=(33.8,150.8) yVel=5.996 xVel?=0.000 isOnGround=0 isUD=0 gMod=1.00 speed=0.900
[sim-tick] runPlan iter=30 pos=(72.7,168.7) yVel=-0.484 xVel?=1.298 isOnGround=0 isUD=0 gMod=1.00 speed=0.900
[sim-tick] runPlan iter=60 pos=(111.6,142.8) yVel=-6.964 xVel?=1.298 isOnGround=0 isUD=0 gMod=1.00 speed=0.900
[sim-tick] runPlan iter=90 pos=(150.6,127.5) yVel=9.020 xVel?=1.298 isOnGround=0 isUD=0 gMod=1.00 speed=0.900
[sim-tick] runPlan iter=120 pos=(189.5,165.8) yVel=2.540 xVel?=1.298 isOnGround=0 isUD=0 gMod=1.00 speed=0.900
[sim-tick] runPlan iter=150 pos=(228.5,160.3) yVel=-3.940 xVel?=1.298 isOnGround=0 isUD=0 gMod=1.00 speed=0.900
[sim-tick] runPlan iter=180 pos=(267.4,111.1) yVel=-10.420 xVel?=1.298 isOnGround=0 isUD=0 gMod=1.00 speed=0.900
[run-init] base getPos=(32.46,149.44) m_position=(31.16,148.05) simAfterSet getPos=(32.46,149.44) m_position=(31.16,148.05) isOnGround=0/0/1/0 baseLGO=0x0 simLGO=0x0 baseColl=0x0 simColl=0x0 baseYV=6.212 simYV=6.212 base_lastGroundedPos=(2.60,105.00) sim_lastGroundedPos=(2.60,105.00) base_lastPos=(31.16,148.05) sim_lastPos=(31.16,148.05) base_yStart=11.18 sim_yStart=11.18 base_fallStartY=0.00 sim_fallStartY=0.00 base_lastPortalPos=(0.00,0.00) sim_lastPortalPos=(0.00,0.00) portalY=0.00
[sim-tick] runPlan iter=0 pos=(33.8,150.8) yVel=5.996 xVel?=0.000 isOnGround=0 isUD=0 gMod=1.00 speed=0.900
[sim-tick] runPlan iter=30 pos=(72.7,168.7) yVel=-0.484 xVel?=1.298 isOnGround=0 isUD=0 gMod=1.00 speed=0.900
[sim-tick] runPlan iter=60 pos=(111.6,142.8) yVel=-6.964 xVel?=1.298 isOnGround=0 isUD=0 gMod=1.00 speed=0.900
[sim-tick] runPlan iter=90 pos=(150.6,105.0) yVel=-0.216 xVel?=1.298 isOnGround=0 isUD=0 gMod=1.00 speed=0.900
[sim-tick] runPlan iter=120 pos=(189.5,105.0) yVel=-0.216 xVel?=1.298 isOnGround=0 isUD=0 gMod=1.00 speed=0.900
[sim-tick] runPlan iter=150 pos=(228.5,105.0) yVel=-0.216 xVel?=1.298 isOnGround=0 isUD=0 gMod=1.00 speed=0.900
[sim-tick] runPlan iter=180 pos=(267.4,105.0) yVel=-0.216 xVel?=1.298 isOnGround=0 isUD=0 gMod=1.00 speed=0.900
[run-init] base getPos=(32.46,149.44) m_position=(31.16,148.05) simAfterSet getPos=(32.46,149.44) m_position=(31.16,148.05) isOnGround=0/0/1/0 baseLGO=0x0 simLGO=0x0 baseColl=0x0 simColl=0x0 baseYV=6.212 simYV=6.212 base_lastGroundedPos=(2.60,105.00) sim_lastGroundedPos=(2.60,105.00) base_lastPos=(31.16,148.05) sim_lastPos=(31.16,148.05) base_yStart=11.18 sim_yStart=11.18 base_fallStartY=0.00 sim_fallStartY=0.00 base_lastPortalPos=(0.00,0.00) sim_lastPortalPos=(0.00,0.00) portalY=0.00
[sim-tick] runPlan iter=0 pos=(33.8,150.8) yVel=5.996 xVel?=0.000 isOnGround=0 isUD=0 gMod=1.00 speed=0.900
[sim-tick] runPlan iter=30 pos=(72.7,168.7) yVel=-0.484 xVel?=1.298 isOnGround=0 isUD=0 gMod=1.00 speed=0.900
[sim-tick] runPlan iter=60 pos=(111.6,142.8) yVel=-6.964 xVel?=1.298 isOnGround=0 isUD=0 gMod=1.00 speed=0.900
[sim-tick] runPlan iter=90 pos=(150.6,130.0) yVel=9.020 xVel?=1.298 isOnGround=0 isUD=0 gMod=1.00 speed=0.900
[sim-tick] runPlan iter=120 pos=(189.5,168.3) yVel=2.540 xVel?=1.298 isOnGround=0 isUD=0 gMod=1.00 speed=0.900
[sim-tick] runPlan iter=150 pos=(228.5,162.8) yVel=-3.940 xVel?=1.298 isOnGround=0 isUD=0 gMod=1.00 speed=0.900
[sim-tick] runPlan iter=180 pos=(267.4,113.6) yVel=-10.420 xVel?=1.298 isOnGround=0 isUD=0 gMod=1.00 speed=0.900
[sim-tick] runPlan iter=210 pos=(306.4,154.6) yVel=5.780 xVel?=1.298 isOnGround=0 isUD=0 gMod=1.00 speed=0.900
[sim-tick] runPlan iter=240 pos=(345.3,171.0) yVel=-0.700 xVel?=1.298 isOnGround=0 isUD=0 gMod=1.00 speed=0.900
[sim-tick] runPlan iter=270 pos=(384.3,143.7) yVel=-7.180 xVel?=1.298 isOnGround=0 isUD=0 gMod=1.00 speed=0.900
[run-init] base getPos=(32.46,149.44) m_position=(31.16,148.05) simAfterSet getPos=(32.46,149.44) m_position=(31.16,148.05) isOnGround=0/0/1/0 baseLGO=0x0 simLGO=0x0 baseColl=0x0 simColl=0x0 baseYV=6.212 simYV=6.212 base_lastGroundedPos=(2.60,105.00) sim_lastGroundedPos=(2.60,105.00) base_lastPos=(31.16,148.05) sim_lastPos=(31.16,148.05) base_yStart=11.18 sim_yStart=11.18 base_fallStartY=0.00 sim_fallStartY=0.00 base_lastPortalPos=(0.00,0.00) sim_lastPortalPos=(0.00,0.00) portalY=0.00
[sim-tick] runPlan iter=0 pos=(33.8,150.8) yVel=5.996 xVel?=0.000 isOnGround=0 isUD=0 gMod=1.00 speed=0.900
[sim-tick] runPlan iter=30 pos=(72.7,168.7) yVel=-0.484 xVel?=1.298 isOnGround=0 isUD=0 gMod=1.00 speed=0.900
[sim-tick] runPlan iter=60 pos=(111.6,142.8) yVel=-6.964 xVel?=1.298 isOnGround=0 isUD=0 gMod=1.00 speed=0.900
[sim-tick] runPlan iter=90 pos=(150.6,130.0) yVel=9.020 xVel?=1.298 isOnGround=0 isUD=0 gMod=1.00 speed=0.900
[sim-tick] runPlan iter=120 pos=(189.5,168.3) yVel=2.540 xVel?=1.298 isOnGround=0 isUD=0 gMod=1.00 speed=0.900
[sim-tick] runPlan iter=150 pos=(228.5,162.8) yVel=-3.940 xVel?=1.298 isOnGround=0 isUD=0 gMod=1.00 speed=0.900
[sim-tick] runPlan iter=180 pos=(267.4,113.6) yVel=-10.420 xVel?=1.298 isOnGround=0 isUD=0 gMod=1.00 speed=0.900
[sim-tick] runPlan iter=210 pos=(306.4,154.6) yVel=5.780 xVel?=1.298 isOnGround=0 isUD=0 gMod=1.00 speed=0.900
[sim-tick] runPlan iter=240 pos=(345.3,171.0) yVel=-0.700 xVel?=1.298 isOnGround=0 isUD=0 gMod=1.00 speed=0.900
[sim-tick] runPlan iter=270 pos=(384.3,143.7) yVel=-7.180 xVel?=1.298 isOnGround=0 isUD=0 gMod=1.00 speed=0.900
[run-init] base getPos=(32.46,149.44) m_position=(31.16,148.05) simAfterSet getPos=(32.46,149.44) m_position=(31.16,148.05) isOnGround=0/0/1/0 baseLGO=0x0 simLGO=0x0 baseColl=0x0 simColl=0x0 baseYV=6.212 simYV=6.212 base_lastGroundedPos=(2.60,105.00) sim_lastGroundedPos=(2.60,105.00) base_lastPos=(31.16,148.05) sim_lastPos=(31.16,148.05) base_yStart=11.18 sim_yStart=11.18 base_fallStartY=0.00 sim_fallStartY=0.00 base_lastPortalPos=(0.00,0.00) sim_lastPortalPos=(0.00,0.00) portalY=0.00
[sim-tick] runPlan iter=0 pos=(33.8,150.8) yVel=5.996 xVel?=0.000 isOnGround=0 isUD=0 gMod=1.00 speed=0.900
[sim-tick] runPlan iter=30 pos=(72.7,168.7) yVel=-0.484 xVel?=1.298 isOnGround=0 isUD=0 gMod=1.00 speed=0.900
[sim-tick] runPlan iter=60 pos=(111.6,142.8) yVel=-6.964 xVel?=1.298 isOnGround=0 isUD=0 gMod=1.00 speed=0.900
[sim-tick] runPlan iter=90 pos=(150.6,130.0) yVel=9.020 xVel?=1.298 isOnGround=0 isUD=0 gMod=1.00 speed=0.900
[sim-tick] runPlan iter=120 pos=(189.5,168.3) yVel=2.540 xVel?=1.298 isOnGround=0 isUD=0 gMod=1.00 speed=0.900
[sim-tick] runPlan iter=150 pos=(228.5,162.8) yVel=-3.940 xVel?=1.298 isOnGround=0 isUD=0 gMod=1.00 speed=0.900
[sim-tick] runPlan iter=180 pos=(267.4,113.6) yVel=-10.420 xVel?=1.298 isOnGround=0 isUD=0 gMod=1.00 speed=0.900
[sim-tick] runPlan iter=210 pos=(306.4,154.6) yVel=5.780 xVel?=1.298 isOnGround=0 isUD=0 gMod=1.00 speed=0.900
[sim-tick] runPlan iter=240 pos=(345.3,171.0) yVel=-0.700 xVel?=1.298 isOnGround=0 isUD=0 gMod=1.00 speed=0.900
[sim-tick] runPlan iter=270 pos=(384.3,143.7) yVel=-7.180 xVel?=1.298 isOnGround=0 isUD=0 gMod=1.00 speed=0.900
[run-init] base getPos=(32.46,149.44) m_position=(31.16,148.05) simAfterSet getPos=(32.46,149.44) m_position=(31.16,148.05) isOnGround=0/0/1/0 baseLGO=0x0 simLGO=0x0 baseColl=0x0 simColl=0x0 baseYV=6.212 simYV=6.212 base_lastGroundedPos=(2.60,105.00) sim_lastGroundedPos=(2.60,105.00) base_lastPos=(31.16,148.05) sim_lastPos=(31.16,148.05) base_yStart=11.18 sim_yStart=11.18 base_fallStartY=0.00 sim_fallStartY=0.00 base_lastPortalPos=(0.00,0.00) sim_lastPortalPos=(0.00,0.00) portalY=0.00
[sim-tick] runPlan iter=0 pos=(33.8,150.8) yVel=5.996 xVel?=0.000 isOnGround=0 isUD=0 gMod=1.00 speed=0.900
[sim-tick] runPlan iter=30 pos=(72.7,168.7) yVel=-0.484 xVel?=1.298 isOnGround=0 isUD=0 gMod=1.00 speed=0.900
[sim-tick] runPlan iter=60 pos=(111.6,142.8) yVel=-6.964 xVel?=1.298 isOnGround=0 isUD=0 gMod=1.00 speed=0.900
[sim-tick] runPlan iter=90 pos=(150.6,130.0) yVel=9.020 xVel?=1.298 isOnGround=0 isUD=0 gMod=1.00 speed=0.900
[sim-tick] runPlan iter=120 pos=(189.5,168.3) yVel=2.540 xVel?=1.298 isOnGround=0 isUD=0 gMod=1.00 speed=0.900
[sim-tick] runPlan iter=150 pos=(228.5,162.8) yVel=-3.940 xVel?=1.298 isOnGround=0 isUD=0 gMod=1.00 speed=0.900
[sim-tick] runPlan iter=180 pos=(267.4,113.6) yVel=-10.420 xVel?=1.298 isOnGround=0 isUD=0 gMod=1.00 speed=0.900
[sim-tick] runPlan iter=210 pos=(306.4,154.6) yVel=5.780 xVel?=1.298 isOnGround=0 isUD=0 gMod=1.00 speed=0.900
[sim-tick] runPlan iter=240 pos=(345.3,171.0) yVel=-0.700 xVel?=1.298 isOnGround=0 isUD=0 gMod=1.00 speed=0.900
[sim-tick] runPlan iter=270 pos=(384.3,143.7) yVel=-7.180 xVel?=1.298 isOnGround=0 isUD=0 gMod=1.00 speed=0.900
[run-init] base getPos=(40.25,156.81) m_position=(38.95,155.70) simAfterSet getPos=(40.25,156.81) m_position=(38.95,155.70) isOnGround=0/0/1/0 baseLGO=0x0 simLGO=0x0 baseColl=0x0 simColl=0x0 baseYV=4.916 simYV=4.916 base_lastGroundedPos=(2.60,105.00) sim_lastGroundedPos=(2.60,105.00) base_lastPos=(38.95,155.70) sim_lastPos=(38.95,155.70) base_yStart=11.18 sim_yStart=11.18 base_fallStartY=0.00 sim_fallStartY=0.00 base_lastPortalPos=(0.00,0.00) sim_lastPortalPos=(0.00,0.00) portalY=0.00
[sim-tick] runPlan iter=0 pos=(41.5,157.9) yVel=4.700 xVel?=0.000 isOnGround=0 isUD=0 gMod=1.00 speed=0.900
[sim-tick] runPlan iter=30 pos=(80.5,167.0) yVel=-1.780 xVel?=1.298 isOnGround=0 isUD=0 gMod=1.00 speed=0.900
[sim-tick] runPlan iter=60 pos=(119.4,132.4) yVel=-8.260 xVel?=1.298 isOnGround=0 isUD=0 gMod=1.00 speed=0.900
[sim-tick] runPlan iter=90 pos=(158.4,105.0) yVel=-0.216 xVel?=1.298 isOnGround=0 isUD=0 gMod=1.00 speed=0.900
[sim-tick] runPlan iter=120 pos=(197.3,105.0) yVel=-0.216 xVel?=1.298 isOnGround=0 isUD=0 gMod=1.00 speed=0.900
[sim-tick] runPlan iter=150 pos=(236.3,105.0) yVel=-0.216 xVel?=1.298 isOnGround=0 isUD=0 gMod=1.00 speed=0.900
[sim-tick] runPlan iter=180 pos=(275.2,105.0) yVel=-0.216 xVel?=1.298 isOnGround=0 isUD=0 gMod=1.00 speed=0.900
[run-init] base getPos=(40.25,156.81) m_position=(38.95,155.70) simAfterSet getPos=(40.25,156.81) m_position=(38.95,155.70) isOnGround=0/0/1/0 baseLGO=0x0 simLGO=0x0 baseColl=0x0 simColl=0x0 baseYV=4.916 simYV=4.916 base_lastGroundedPos=(2.60,105.00) sim_lastGroundedPos=(2.60,105.00) base_lastPos=(38.95,155.70) sim_lastPos=(38.95,155.70) base_yStart=11.18 sim_yStart=11.18 base_fallStartY=0.00 sim_fallStartY=0.00 base_lastPortalPos=(0.00,0.00) sim_lastPortalPos=(0.00,0.00) portalY=0.00
[sim-tick] runPlan iter=0 pos=(41.5,157.9) yVel=4.700 xVel?=0.000 isOnGround=0 isUD=0 gMod=1.00 speed=0.900
[sim-tick] runPlan iter=30 pos=(80.5,167.0) yVel=-1.780 xVel?=1.298 isOnGround=0 isUD=0 gMod=1.00 speed=0.900
[sim-tick] runPlan iter=60 pos=(119.4,132.4) yVel=-8.260 xVel?=1.298 isOnGround=0 isUD=0 gMod=1.00 speed=0.900
[sim-tick] runPlan iter=90 pos=(158.4,127.5) yVel=9.020 xVel?=1.298 isOnGround=0 isUD=0 gMod=1.00 speed=0.900
[sim-tick] runPlan iter=120 pos=(197.3,165.8) yVel=2.540 xVel?=1.298 isOnGround=0 isUD=0 gMod=1.00 speed=0.900
[sim-tick] runPlan iter=150 pos=(236.3,160.3) yVel=-3.940 xVel?=1.298 isOnGround=0 isUD=0 gMod=1.00 speed=0.900
[sim-tick] runPlan iter=180 pos=(275.2,111.1) yVel=-10.420 xVel?=1.298 isOnGround=0 isUD=0 gMod=1.00 speed=0.900
[run-init] base getPos=(40.25,156.81) m_position=(38.95,155.70) simAfterSet getPos=(40.25,156.81) m_position=(38.95,155.70) isOnGround=0/0/1/0 baseLGO=0x0 simLGO=0x0 baseColl=0x0 simColl=0x0 baseYV=4.916 simYV=4.916 base_lastGroundedPos=(2.60,105.00) sim_lastGroundedPos=(2.60,105.00) base_lastPos=(38.95,155.70) sim_lastPos=(38.95,155.70) base_yStart=11.18 sim_yStart=11.18 base_fallStartY=0.00 sim_fallStartY=0.00 base_lastPortalPos=(0.00,0.00) sim_lastPortalPos=(0.00,0.00) portalY=0.00
[sim-tick] runPlan iter=0 pos=(41.5,157.9) yVel=4.700 xVel?=0.000 isOnGround=0 isUD=0 gMod=1.00 speed=0.900
[sim-tick] runPlan iter=30 pos=(80.5,167.0) yVel=-1.780 xVel?=1.298 isOnGround=0 isUD=0 gMod=1.00 speed=0.900
[sim-tick] runPlan iter=60 pos=(119.4,132.4) yVel=-8.260 xVel?=1.298 isOnGround=0 isUD=0 gMod=1.00 speed=0.900
[sim-tick] runPlan iter=90 pos=(158.4,105.0) yVel=-0.216 xVel?=1.298 isOnGround=0 isUD=0 gMod=1.00 speed=0.900
[sim-tick] runPlan iter=120 pos=(197.3,105.0) yVel=-0.216 xVel?=1.298 isOnGround=0 isUD=0 gMod=1.00 speed=0.900
[sim-tick] runPlan iter=150 pos=(236.3,105.0) yVel=-0.216 xVel?=1.298 isOnGround=0 isUD=0 gMod=1.00 speed=0.900
[sim-tick] runPlan iter=180 pos=(275.2,105.0) yVel=-0.216 xVel?=1.298 isOnGround=0 isUD=0 gMod=1.00 speed=0.900
[run-init] base getPos=(40.25,156.81) m_position=(38.95,155.70) simAfterSet getPos=(40.25,156.81) m_position=(38.95,155.70) isOnGround=0/0/1/0 baseLGO=0x0 simLGO=0x0 baseColl=0x0 simColl=0x0 baseYV=4.916 simYV=4.916 base_lastGroundedPos=(2.60,105.00) sim_lastGroundedPos=(2.60,105.00) base_lastPos=(38.95,155.70) sim_lastPos=(38.95,155.70) base_yStart=11.18 sim_yStart=11.18 base_fallStartY=0.00 sim_fallStartY=0.00 base_lastPortalPos=(0.00,0.00) sim_lastPortalPos=(0.00,0.00) portalY=0.00
[sim-tick] runPlan iter=0 pos=(41.5,157.9) yVel=4.700 xVel?=0.000 isOnGround=0 isUD=0 gMod=1.00 speed=0.900
[sim-tick] runPlan iter=30 pos=(80.5,167.0) yVel=-1.780 xVel?=1.298 isOnGround=0 isUD=0 gMod=1.00 speed=0.900
[sim-tick] runPlan iter=60 pos=(119.4,132.4) yVel=-8.260 xVel?=1.298 isOnGround=0 isUD=0 gMod=1.00 speed=0.900
[sim-tick] runPlan iter=90 pos=(158.4,141.2) yVel=7.724 xVel?=1.298 isOnGround=0 isUD=0 gMod=1.00 speed=0.900
[sim-tick] runPlan iter=120 pos=(197.3,170.7) yVel=1.244 xVel?=1.298 isOnGround=0 isUD=0 gMod=1.00 speed=0.900
[sim-tick] runPlan iter=150 pos=(236.3,156.5) yVel=-5.236 xVel?=1.298 isOnGround=0 isUD=0 gMod=1.00 speed=0.900
[sim-tick] runPlan iter=180 pos=(275.2,110.0) yVel=10.964 xVel?=1.298 isOnGround=0 isUD=0 gMod=1.00 speed=0.900
[sim-tick] runPlan iter=210 pos=(314.2,161.4) yVel=4.484 xVel?=1.298 isOnGround=0 isUD=0 gMod=1.00 speed=0.900
[sim-tick] runPlan iter=240 pos=(353.1,169.1) yVel=-1.996 xVel?=1.298 isOnGround=0 isUD=0 gMod=1.00 speed=0.900
[run-init] base getPos=(40.25,156.81) m_position=(38.95,155.70) simAfterSet getPos=(40.25,156.81) m_position=(38.95,155.70) isOnGround=0/0/1/0 baseLGO=0x0 simLGO=0x0 baseColl=0x0 simColl=0x0 baseYV=4.916 simYV=4.916 base_lastGroundedPos=(2.60,105.00) sim_lastGroundedPos=(2.60,105.00) base_lastPos=(38.95,155.70) sim_lastPos=(38.95,155.70) base_yStart=11.18 sim_yStart=11.18 base_fallStartY=0.00 sim_fallStartY=0.00 base_lastPortalPos=(0.00,0.00) sim_lastPortalPos=(0.00,0.00) portalY=0.00
[sim-tick] runPlan iter=0 pos=(41.5,157.9) yVel=4.700 xVel?=0.000 isOnGround=0 isUD=0 gMod=1.00 speed=0.900
[sim-tick] runPlan iter=30 pos=(80.5,167.0) yVel=-1.780 xVel?=1.298 isOnGround=0 isUD=0 gMod=1.00 speed=0.900
[sim-tick] runPlan iter=60 pos=(119.4,132.4) yVel=-8.260 xVel?=1.298 isOnGround=0 isUD=0 gMod=1.00 speed=0.900
[sim-tick] runPlan iter=90 pos=(158.4,141.2) yVel=7.724 xVel?=1.298 isOnGround=0 isUD=0 gMod=1.00 speed=0.900
[sim-tick] runPlan iter=120 pos=(197.3,170.7) yVel=1.244 xVel?=1.298 isOnGround=0 isUD=0 gMod=1.00 speed=0.900
[sim-tick] runPlan iter=150 pos=(236.3,156.5) yVel=-5.236 xVel?=1.298 isOnGround=0 isUD=0 gMod=1.00 speed=0.900
[sim-tick] runPlan iter=180 pos=(275.2,110.0) yVel=10.964 xVel?=1.298 isOnGround=0 isUD=0 gMod=1.00 speed=0.900
[sim-tick] runPlan iter=210 pos=(314.2,161.4) yVel=4.484 xVel?=1.298 isOnGround=0 isUD=0 gMod=1.00 speed=0.900
[sim-tick] runPlan iter=240 pos=(353.1,169.1) yVel=-1.996 xVel?=1.298 isOnGround=0 isUD=0 gMod=1.00 speed=0.900
[run-init] base getPos=(40.25,156.81) m_position=(38.95,155.70) simAfterSet getPos=(40.25,156.81) m_position=(38.95,155.70) isOnGround=0/0/1/0 baseLGO=0x0 simLGO=0x0 baseColl=0x0 simColl=0x0 baseYV=4.916 simYV=4.916 base_lastGroundedPos=(2.60,105.00) sim_lastGroundedPos=(2.60,105.00) base_lastPos=(38.95,155.70) sim_lastPos=(38.95,155.70) base_yStart=11.18 sim_yStart=11.18 base_fallStartY=0.00 sim_fallStartY=0.00 base_lastPortalPos=(0.00,0.00) sim_lastPortalPos=(0.00,0.00) portalY=0.00
[sim-tick] runPlan iter=0 pos=(41.5,157.9) yVel=4.700 xVel?=0.000 isOnGround=0 isUD=0 gMod=1.00 speed=0.900
[sim-tick] runPlan iter=30 pos=(80.5,167.0) yVel=-1.780 xVel?=1.298 isOnGround=0 isUD=0 gMod=1.00 speed=0.900
[sim-tick] runPlan iter=60 pos=(119.4,132.4) yVel=-8.260 xVel?=1.298 isOnGround=0 isUD=0 gMod=1.00 speed=0.900
[sim-tick] runPlan iter=90 pos=(158.4,141.2) yVel=7.724 xVel?=1.298 isOnGround=0 isUD=0 gMod=1.00 speed=0.900
[sim-tick] runPlan iter=120 pos=(197.3,170.7) yVel=1.244 xVel?=1.298 isOnGround=0 isUD=0 gMod=1.00 speed=0.900
[sim-tick] runPlan iter=150 pos=(236.3,156.5) yVel=-5.236 xVel?=1.298 isOnGround=0 isUD=0 gMod=1.00 speed=0.900
[sim-tick] runPlan iter=180 pos=(275.2,110.0) yVel=10.964 xVel?=1.298 isOnGround=0 isUD=0 gMod=1.00 speed=0.900
[sim-tick] runPlan iter=210 pos=(314.2,161.4) yVel=4.484 xVel?=1.298 isOnGround=0 isUD=0 gMod=1.00 speed=0.900
[sim-tick] runPlan iter=240 pos=(353.1,169.1) yVel=-1.996 xVel?=1.298 isOnGround=0 isUD=0 gMod=1.00 speed=0.900
[run-init] base getPos=(40.25,156.81) m_position=(38.95,155.70) simAfterSet getPos=(40.25,156.81) m_position=(38.95,155.70) isOnGround=0/0/1/0 baseLGO=0x0 simLGO=0x0 baseColl=0x0 simColl=0x0 baseYV=4.916 simYV=4.916 base_lastGroundedPos=(2.60,105.00) sim_lastGroundedPos=(2.60,105.00) base_lastPos=(38.95,155.70) sim_lastPos=(38.95,155.70) base_yStart=11.18 sim_yStart=11.18 base_fallStartY=0.00 sim_fallStartY=0.00 base_lastPortalPos=(0.00,0.00) sim_lastPortalPos=(0.00,0.00) portalY=0.00
[sim-tick] runPlan iter=0 pos=(41.5,157.9) yVel=4.700 xVel?=0.000 isOnGround=0 isUD=0 gMod=1.00 speed=0.900
[sim-tick] runPlan iter=30 pos=(80.5,167.0) yVel=-1.780 xVel?=1.298 isOnGround=0 isUD=0 gMod=1.00 speed=0.900
[sim-tick] runPlan iter=60 pos=(119.4,132.4) yVel=-8.260 xVel?=1.298 isOnGround=0 isUD=0 gMod=1.00 speed=0.900
[sim-tick] runPlan iter=90 pos=(158.4,141.2) yVel=7.724 xVel?=1.298 isOnGround=0 isUD=0 gMod=1.00 speed=0.900
[sim-tick] runPlan iter=120 pos=(197.3,170.7) yVel=1.244 xVel?=1.298 isOnGround=0 isUD=0 gMod=1.00 speed=0.900
[sim-tick] runPlan iter=150 pos=(236.3,156.5) yVel=-5.236 xVel?=1.298 isOnGround=0 isUD=0 gMod=1.00 speed=0.900
[sim-tick] runPlan iter=180 pos=(275.2,110.0) yVel=10.964 xVel?=1.298 isOnGround=0 isUD=0 gMod=1.00 speed=0.900
[sim-tick] runPlan iter=210 pos=(314.2,161.4) yVel=4.484 xVel?=1.298 isOnGround=0 isUD=0 gMod=1.00 speed=0.900
[sim-tick] runPlan iter=240 pos=(353.1,169.1) yVel=-1.996 xVel?=1.298 isOnGround=0 isUD=0 gMod=1.00 speed=0.900
[run-init] base getPos=(48.04,162.42) m_position=(46.74,161.61) simAfterSet getPos=(48.04,162.42) m_position=(46.74,161.61) isOnGround=0/0/1/0 baseLGO=0x0 simLGO=0x0 baseColl=0x0 simColl=0x0 baseYV=3.620 simYV=3.620 base_lastGroundedPos=(2.60,105.00) sim_lastGroundedPos=(2.60,105.00) base_lastPos=(46.74,161.61) sim_lastPos=(46.74,161.61) base_yStart=11.18 sim_yStart=11.18 base_fallStartY=0.00 sim_fallStartY=0.00 base_lastPortalPos=(0.00,0.00) sim_lastPortalPos=(0.00,0.00) portalY=0.00
[sim-tick] runPlan iter=0 pos=(49.3,163.2) yVel=3.404 xVel?=0.000 isOnGround=0 isUD=0 gMod=1.00 speed=0.900
[sim-tick] runPlan iter=30 pos=(88.3,163.6) yVel=-3.076 xVel?=1.298 isOnGround=0 isUD=0 gMod=1.00 speed=0.900
[sim-tick] runPlan iter=60 pos=(127.2,120.2) yVel=-9.556 xVel?=1.298 isOnGround=0 isUD=0 gMod=1.00 speed=0.900
[sim-tick] runPlan iter=90 pos=(166.2,105.0) yVel=-0.216 xVel?=1.298 isOnGround=0 isUD=0 gMod=1.00 speed=0.900
[sim-tick] runPlan iter=120 pos=(205.1,105.0) yVel=-0.216 xVel?=1.298 isOnGround=0 isUD=0 gMod=1.00 speed=0.900
[sim-tick] runPlan iter=150 pos=(244.1,105.0) yVel=-0.216 xVel?=1.298 isOnGround=0 isUD=0 gMod=1.00 speed=0.900
[sim-tick] runPlan iter=180 pos=(283.0,105.0) yVel=-0.216 xVel?=1.298 isOnGround=0 isUD=0 gMod=1.00 speed=0.900
[run-init] base getPos=(48.04,162.42) m_position=(46.74,161.61) simAfterSet getPos=(48.04,162.42) m_position=(46.74,161.61) isOnGround=0/0/1/0 baseLGO=0x0 simLGO=0x0 baseColl=0x0 simColl=0x0 baseYV=3.620 simYV=3.620 base_lastGroundedPos=(2.60,105.00) sim_lastGroundedPos=(2.60,105.00) base_lastPos=(46.74,161.61) sim_lastPos=(46.74,161.61) base_yStart=11.18 sim_yStart=11.18 base_fallStartY=0.00 sim_fallStartY=0.00 base_lastPortalPos=(0.00,0.00) sim_lastPortalPos=(0.00,0.00) portalY=0.00
[sim-tick] runPlan iter=0 pos=(49.3,163.2) yVel=3.404 xVel?=0.000 isOnGround=0 isUD=0 gMod=1.00 speed=0.900
[sim-tick] runPlan iter=30 pos=(88.3,163.6) yVel=-3.076 xVel?=1.298 isOnGround=0 isUD=0 gMod=1.00 speed=0.900
[sim-tick] runPlan iter=60 pos=(127.2,120.2) yVel=-9.556 xVel?=1.298 isOnGround=0 isUD=0 gMod=1.00 speed=0.900
[sim-tick] runPlan iter=90 pos=(166.2,150.6) yVel=6.428 xVel?=1.298 isOnGround=0 isUD=0 gMod=1.00 speed=0.900
[sim-tick] runPlan iter=120 pos=(205.1,171.4) yVel=-0.052 xVel?=1.298 isOnGround=0 isUD=0 gMod=1.00 speed=0.900
[sim-tick] runPlan iter=150 pos=(244.1,148.4) yVel=-6.532 xVel?=1.298 isOnGround=0 isUD=0 gMod=1.00 speed=0.900
[sim-tick] runPlan iter=180 pos=(283.0,105.0) yVel=-0.216 xVel?=1.298 isOnGround=0 isUD=0 gMod=1.00 speed=0.900
[run-init] base getPos=(48.04,162.42) m_position=(46.74,161.61) simAfterSet getPos=(48.04,162.42) m_position=(46.74,161.61) isOnGround=0/0/1/0 baseLGO=0x0 simLGO=0x0 baseColl=0x0 simColl=0x0 baseYV=3.620 simYV=3.620 base_lastGroundedPos=(2.60,105.00) sim_lastGroundedPos=(2.60,105.00) base_lastPos=(46.74,161.61) sim_lastPos=(46.74,161.61) base_yStart=11.18 sim_yStart=11.18 base_fallStartY=0.00 sim_fallStartY=0.00 base_lastPortalPos=(0.00,0.00) sim_lastPortalPos=(0.00,0.00) portalY=0.00
[sim-tick] runPlan iter=0 pos=(49.3,163.2) yVel=3.404 xVel?=0.000 isOnGround=0 isUD=0 gMod=1.00 speed=0.900
[sim-tick] runPlan iter=30 pos=(88.3,163.6) yVel=-3.076 xVel?=1.298 isOnGround=0 isUD=0 gMod=1.00 speed=0.900
[sim-tick] runPlan iter=60 pos=(127.2,120.2) yVel=-9.556 xVel?=1.298 isOnGround=0 isUD=0 gMod=1.00 speed=0.900
[sim-tick] runPlan iter=90 pos=(166.2,105.0) yVel=-0.216 xVel?=1.298 isOnGround=0 isUD=0 gMod=1.00 speed=0.900
[sim-tick] runPlan iter=120 pos=(205.1,105.0) yVel=-0.216 xVel?=1.298 isOnGround=0 isUD=0 gMod=1.00 speed=0.900
[sim-tick] runPlan iter=150 pos=(244.1,105.0) yVel=-0.216 xVel?=1.298 isOnGround=0 isUD=0 gMod=1.00 speed=0.900
[sim-tick] runPlan iter=180 pos=(283.0,105.0) yVel=-0.216 xVel?=1.298 isOnGround=0 isUD=0 gMod=1.00 speed=0.900
[run-init] base getPos=(48.04,162.42) m_position=(46.74,161.61) simAfterSet getPos=(48.04,162.42) m_position=(46.74,161.61) isOnGround=0/0/1/0 baseLGO=0x0 simLGO=0x0 baseColl=0x0 simColl=0x0 baseYV=3.620 simYV=3.620 base_lastGroundedPos=(2.60,105.00) sim_lastGroundedPos=(2.60,105.00) base_lastPos=(46.74,161.61) sim_lastPos=(46.74,161.61) base_yStart=11.18 sim_yStart=11.18 base_fallStartY=0.00 sim_fallStartY=0.00 base_lastPortalPos=(0.00,0.00) sim_lastPortalPos=(0.00,0.00) portalY=0.00
[sim-tick] runPlan iter=0 pos=(49.3,163.2) yVel=3.404 xVel?=0.000 isOnGround=0 isUD=0 gMod=1.00 speed=0.900
[sim-tick] runPlan iter=30 pos=(88.3,163.6) yVel=-3.076 xVel?=1.298 isOnGround=0 isUD=0 gMod=1.00 speed=0.900
[sim-tick] runPlan iter=60 pos=(127.2,120.2) yVel=-9.556 xVel?=1.298 isOnGround=0 isUD=0 gMod=1.00 speed=0.900
[sim-tick] runPlan iter=90 pos=(166.2,150.6) yVel=6.428 xVel?=1.298 isOnGround=0 isUD=0 gMod=1.00 speed=0.900
[sim-tick] runPlan iter=120 pos=(205.1,171.4) yVel=-0.052 xVel?=1.298 isOnGround=0 isUD=0 gMod=1.00 speed=0.900
[sim-tick] runPlan iter=150 pos=(244.1,148.4) yVel=-6.532 xVel?=1.298 isOnGround=0 isUD=0 gMod=1.00 speed=0.900
[sim-tick] runPlan iter=180 pos=(283.0,123.8) yVel=9.668 xVel?=1.298 isOnGround=0 isUD=0 gMod=1.00 speed=0.900
[sim-tick] runPlan iter=210 pos=(322.0,166.4) yVel=3.188 xVel?=1.298 isOnGround=0 isUD=0 gMod=1.00 speed=0.900
[sim-tick] runPlan iter=240 pos=(360.9,165.3) yVel=-3.292 xVel?=1.298 isOnGround=0 isUD=0 gMod=1.00 speed=0.900
[run-init] base getPos=(48.04,162.42) m_position=(46.74,161.61) simAfterSet getPos=(48.04,162.42) m_position=(46.74,161.61) isOnGround=0/0/1/0 baseLGO=0x0 simLGO=0x0 baseColl=0x0 simColl=0x0 baseYV=3.620 simYV=3.620 base_lastGroundedPos=(2.60,105.00) sim_lastGroundedPos=(2.60,105.00) base_lastPos=(46.74,161.61) sim_lastPos=(46.74,161.61) base_yStart=11.18 sim_yStart=11.18 base_fallStartY=0.00 sim_fallStartY=0.00 base_lastPortalPos=(0.00,0.00) sim_lastPortalPos=(0.00,0.00) portalY=0.00
[sim-tick] runPlan iter=0 pos=(49.3,163.2) yVel=3.404 xVel?=0.000 isOnGround=0 isUD=0 gMod=1.00 speed=0.900
[sim-tick] runPlan iter=30 pos=(88.3,163.6) yVel=-3.076 xVel?=1.298 isOnGround=0 isUD=0 gMod=1.00 speed=0.900
[sim-tick] runPlan iter=60 pos=(127.2,120.2) yVel=-9.556 xVel?=1.298 isOnGround=0 isUD=0 gMod=1.00 speed=0.900
[sim-tick] runPlan iter=90 pos=(166.2,150.6) yVel=6.428 xVel?=1.298 isOnGround=0 isUD=0 gMod=1.00 speed=0.900
[sim-tick] runPlan iter=120 pos=(205.1,171.4) yVel=-0.052 xVel?=1.298 isOnGround=0 isUD=0 gMod=1.00 speed=0.900
[sim-tick] runPlan iter=150 pos=(244.1,148.4) yVel=-6.532 xVel?=1.298 isOnGround=0 isUD=0 gMod=1.00 speed=0.900
[sim-tick] runPlan iter=180 pos=(283.0,123.8) yVel=9.668 xVel?=1.298 isOnGround=0 isUD=0 gMod=1.00 speed=0.900
[sim-tick] runPlan iter=210 pos=(322.0,166.4) yVel=3.188 xVel?=1.298 isOnGround=0 isUD=0 gMod=1.00 speed=0.900
[sim-tick] runPlan iter=240 pos=(360.9,165.3) yVel=-3.292 xVel?=1.298 isOnGround=0 isUD=0 gMod=1.00 speed=0.900
[run-init] base getPos=(48.04,162.42) m_position=(46.74,161.61) simAfterSet getPos=(48.04,162.42) m_position=(46.74,161.61) isOnGround=0/0/1/0 baseLGO=0x0 simLGO=0x0 baseColl=0x0 simColl=0x0 baseYV=3.620 simYV=3.620 base_lastGroundedPos=(2.60,105.00) sim_lastGroundedPos=(2.60,105.00) base_lastPos=(46.74,161.61) sim_lastPos=(46.74,161.61) base_yStart=11.18 sim_yStart=11.18 base_fallStartY=0.00 sim_fallStartY=0.00 base_lastPortalPos=(0.00,0.00) sim_lastPortalPos=(0.00,0.00) portalY=0.00
[sim-tick] runPlan iter=0 pos=(49.3,163.2) yVel=3.404 xVel?=0.000 isOnGround=0 isUD=0 gMod=1.00 speed=0.900
[sim-tick] runPlan iter=30 pos=(88.3,163.6) yVel=-3.076 xVel?=1.298 isOnGround=0 isUD=0 gMod=1.00 speed=0.900
[sim-tick] runPlan iter=60 pos=(127.2,120.2) yVel=-9.556 xVel?=1.298 isOnGround=0 isUD=0 gMod=1.00 speed=0.900
[sim-tick] runPlan iter=90 pos=(166.2,150.6) yVel=6.428 xVel?=1.298 isOnGround=0 isUD=0 gMod=1.00 speed=0.900
[sim-tick] runPlan iter=120 pos=(205.1,171.4) yVel=-0.052 xVel?=1.298 isOnGround=0 isUD=0 gMod=1.00 speed=0.900
[sim-tick] runPlan iter=150 pos=(244.1,148.4) yVel=-6.532 xVel?=1.298 isOnGround=0 isUD=0 gMod=1.00 speed=0.900
[sim-tick] runPlan iter=180 pos=(283.0,123.8) yVel=9.668 xVel?=1.298 isOnGround=0 isUD=0 gMod=1.00 speed=0.900
[sim-tick] runPlan iter=210 pos=(322.0,166.4) yVel=3.188 xVel?=1.298 isOnGround=0 isUD=0 gMod=1.00 speed=0.900
[sim-tick] runPlan iter=240 pos=(360.9,165.3) yVel=-3.292 xVel?=1.298 isOnGround=0 isUD=0 gMod=1.00 speed=0.900
[run-init] base getPos=(48.04,162.42) m_position=(46.74,161.61) simAfterSet getPos=(48.04,162.42) m_position=(46.74,161.61) isOnGround=0/0/1/0 baseLGO=0x0 simLGO=0x0 baseColl=0x0 simColl=0x0 baseYV=3.620 simYV=3.620 base_lastGroundedPos=(2.60,105.00) sim_lastGroundedPos=(2.60,105.00) base_lastPos=(46.74,161.61) sim_lastPos=(46.74,161.61) base_yStart=11.18 sim_yStart=11.18 base_fallStartY=0.00 sim_fallStartY=0.00 base_lastPortalPos=(0.00,0.00) sim_lastPortalPos=(0.00,0.00) portalY=0.00
[sim-tick] runPlan iter=0 pos=(49.3,163.2) yVel=3.404 xVel?=0.000 isOnGround=0 isUD=0 gMod=1.00 speed=0.900
[sim-tick] runPlan iter=30 pos=(88.3,163.6) yVel=-3.076 xVel?=1.298 isOnGround=0 isUD=0 gMod=1.00 speed=0.900
[sim-tick] runPlan iter=60 pos=(127.2,120.2) yVel=-9.556 xVel?=1.298 isOnGround=0 isUD=0 gMod=1.00 speed=0.900
[sim-tick] runPlan iter=90 pos=(166.2,150.6) yVel=6.428 xVel?=1.298 isOnGround=0 isUD=0 gMod=1.00 speed=0.900
[sim-tick] runPlan iter=120 pos=(205.1,171.4) yVel=-0.052 xVel?=1.298 isOnGround=0 isUD=0 gMod=1.00 speed=0.900
[sim-tick] runPlan iter=150 pos=(244.1,148.4) yVel=-6.532 xVel?=1.298 isOnGround=0 isUD=0 gMod=1.00 speed=0.900
[sim-tick] runPlan iter=180 pos=(283.0,123.8) yVel=9.668 xVel?=1.298 isOnGround=0 isUD=0 gMod=1.00 speed=0.900
[sim-tick] runPlan iter=210 pos=(322.0,166.4) yVel=3.188 xVel?=1.298 isOnGround=0 isUD=0 gMod=1.00 speed=0.900
[sim-tick] runPlan iter=240 pos=(360.9,165.3) yVel=-3.292 xVel?=1.298 isOnGround=0 isUD=0 gMod=1.00 speed=0.900
[run-init] base getPos=(55.82,166.29) m_position=(54.53,165.77) simAfterSet getPos=(55.82,166.29) m_position=(54.53,165.77) isOnGround=0/0/1/0 baseLGO=0x0 simLGO=0x0 baseColl=0x0 simColl=0x0 baseYV=2.324 simYV=2.324 base_lastGroundedPos=(2.60,105.00) sim_lastGroundedPos=(2.60,105.00) base_lastPos=(54.53,165.77) sim_lastPos=(54.53,165.77) base_yStart=11.18 sim_yStart=11.18 base_fallStartY=0.00 sim_fallStartY=0.00 base_lastPortalPos=(0.00,0.00) sim_lastPortalPos=(0.00,0.00) portalY=0.00
[sim-tick] runPlan iter=0 pos=(57.1,166.8) yVel=2.108 xVel?=0.000 isOnGround=0 isUD=0 gMod=1.00 speed=0.900
[sim-tick] runPlan iter=30 pos=(96.1,158.4) yVel=-4.372 xVel?=1.298 isOnGround=0 isUD=0 gMod=1.00 speed=0.900
[sim-tick] runPlan iter=60 pos=(135.0,106.3) yVel=-10.852 xVel?=1.298 isOnGround=0 isUD=0 gMod=1.00 speed=0.900
[sim-tick] runPlan iter=90 pos=(174.0,105.0) yVel=-0.216 xVel?=1.298 isOnGround=0 isUD=0 gMod=1.00 speed=0.900
[sim-tick] runPlan iter=120 pos=(212.9,105.0) yVel=-0.216 xVel?=1.298 isOnGround=0 isUD=0 gMod=1.00 speed=0.900
[sim-tick] runPlan iter=150 pos=(251.9,105.0) yVel=-0.216 xVel?=1.298 isOnGround=0 isUD=0 gMod=1.00 speed=0.900
[sim-tick] runPlan iter=180 pos=(290.8,105.0) yVel=-0.216 xVel?=1.298 isOnGround=0 isUD=0 gMod=1.00 speed=0.900
[run-init] base getPos=(55.82,166.29) m_position=(54.53,165.77) simAfterSet getPos=(55.82,166.29) m_position=(54.53,165.77) isOnGround=0/0/1/0 baseLGO=0x0 simLGO=0x0 baseColl=0x0 simColl=0x0 baseYV=2.324 simYV=2.324 base_lastGroundedPos=(2.60,105.00) sim_lastGroundedPos=(2.60,105.00) base_lastPos=(54.53,165.77) sim_lastPos=(54.53,165.77) base_yStart=11.18 sim_yStart=11.18 base_fallStartY=0.00 sim_fallStartY=0.00 base_lastPortalPos=(0.00,0.00) sim_lastPortalPos=(0.00,0.00) portalY=0.00
[sim-tick] runPlan iter=0 pos=(57.1,166.8) yVel=2.108 xVel?=0.000 isOnGround=0 isUD=0 gMod=1.00 speed=0.900
[sim-tick] runPlan iter=30 pos=(96.1,158.4) yVel=-4.372 xVel?=1.298 isOnGround=0 isUD=0 gMod=1.00 speed=0.900
[sim-tick] runPlan iter=60 pos=(135.0,106.3) yVel=-10.852 xVel?=1.298 isOnGround=0 isUD=0 gMod=1.00 speed=0.900
[sim-tick] runPlan iter=90 pos=(174.0,158.2) yVel=5.132 xVel?=1.298 isOnGround=0 isUD=0 gMod=1.00 speed=0.900
[sim-tick] runPlan iter=120 pos=(212.9,170.3) yVel=-1.348 xVel?=1.298 isOnGround=0 isUD=0 gMod=1.00 speed=0.900
[sim-tick] runPlan iter=150 pos=(251.9,138.6) yVel=-7.828 xVel?=1.298 isOnGround=0 isUD=0 gMod=1.00 speed=0.900
[sim-tick] runPlan iter=180 pos=(290.8,105.0) yVel=-0.216 xVel?=1.298 isOnGround=0 isUD=0 gMod=1.00 speed=0.900
[run-init] base getPos=(55.82,166.29) m_position=(54.53,165.77) simAfterSet getPos=(55.82,166.29) m_position=(54.53,165.77) isOnGround=0/0/1/0 baseLGO=0x0 simLGO=0x0 baseColl=0x0 simColl=0x0 baseYV=2.324 simYV=2.324 base_lastGroundedPos=(2.60,105.00) sim_lastGroundedPos=(2.60,105.00) base_lastPos=(54.53,165.77) sim_lastPos=(54.53,165.77) base_yStart=11.18 sim_yStart=11.18 base_fallStartY=0.00 sim_fallStartY=0.00 base_lastPortalPos=(0.00,0.00) sim_lastPortalPos=(0.00,0.00) portalY=0.00
[sim-tick] runPlan iter=0 pos=(57.1,166.8) yVel=2.108 xVel?=0.000 isOnGround=0 isUD=0 gMod=1.00 speed=0.900
[sim-tick] runPlan iter=30 pos=(96.1,158.4) yVel=-4.372 xVel?=1.298 isOnGround=0 isUD=0 gMod=1.00 speed=0.900
[sim-tick] runPlan iter=60 pos=(135.0,106.3) yVel=-10.852 xVel?=1.298 isOnGround=0 isUD=0 gMod=1.00 speed=0.900
[sim-tick] runPlan iter=90 pos=(174.0,105.0) yVel=-0.216 xVel?=1.298 isOnGround=0 isUD=0 gMod=1.00 speed=0.900
[sim-tick] runPlan iter=120 pos=(212.9,105.0) yVel=-0.216 xVel?=1.298 isOnGround=0 isUD=0 gMod=1.00 speed=0.900
[sim-tick] runPlan iter=150 pos=(251.9,105.0) yVel=-0.216 xVel?=1.298 isOnGround=0 isUD=0 gMod=1.00 speed=0.900
[sim-tick] runPlan iter=180 pos=(290.8,105.0) yVel=-0.216 xVel?=1.298 isOnGround=0 isUD=0 gMod=1.00 speed=0.900
[run-init] base getPos=(55.82,166.29) m_position=(54.53,165.77) simAfterSet getPos=(55.82,166.29) m_position=(54.53,165.77) isOnGround=0/0/1/0 baseLGO=0x0 simLGO=0x0 baseColl=0x0 simColl=0x0 baseYV=2.324 simYV=2.324 base_lastGroundedPos=(2.60,105.00) sim_lastGroundedPos=(2.60,105.00) base_lastPos=(54.53,165.77) sim_lastPos=(54.53,165.77) base_yStart=11.18 sim_yStart=11.18 base_fallStartY=0.00 sim_fallStartY=0.00 base_lastPortalPos=(0.00,0.00) sim_lastPortalPos=(0.00,0.00) portalY=0.00
[sim-tick] runPlan iter=0 pos=(57.1,166.8) yVel=2.108 xVel?=0.000 isOnGround=0 isUD=0 gMod=1.00 speed=0.900
[sim-tick] runPlan iter=30 pos=(96.1,158.4) yVel=-4.372 xVel?=1.298 isOnGround=0 isUD=0 gMod=1.00 speed=0.900
[sim-tick] runPlan iter=60 pos=(135.0,106.3) yVel=-10.852 xVel?=1.298 isOnGround=0 isUD=0 gMod=1.00 speed=0.900
[sim-tick] runPlan iter=90 pos=(174.0,158.2) yVel=5.132 xVel?=1.298 isOnGround=0 isUD=0 gMod=1.00 speed=0.900
[sim-tick] runPlan iter=120 pos=(212.9,170.3) yVel=-1.348 xVel?=1.298 isOnGround=0 isUD=0 gMod=1.00 speed=0.900
[sim-tick] runPlan iter=150 pos=(251.9,138.6) yVel=-7.828 xVel?=1.298 isOnGround=0 isUD=0 gMod=1.00 speed=0.900
[sim-tick] runPlan iter=180 pos=(290.8,135.8) yVel=8.372 xVel?=1.298 isOnGround=0 isUD=0 gMod=1.00 speed=0.900
[sim-tick] runPlan iter=210 pos=(329.8,169.7) yVel=1.892 xVel?=1.298 isOnGround=0 isUD=0 gMod=1.00 speed=0.900
[sim-tick] runPlan iter=240 pos=(368.7,159.9) yVel=-4.588 xVel?=1.298 isOnGround=0 isUD=0 gMod=1.00 speed=0.900
[run-init] base getPos=(55.82,166.29) m_position=(54.53,165.77) simAfterSet getPos=(55.82,166.29) m_position=(54.53,165.77) isOnGround=0/0/1/0 baseLGO=0x0 simLGO=0x0 baseColl=0x0 simColl=0x0 baseYV=2.324 simYV=2.324 base_lastGroundedPos=(2.60,105.00) sim_lastGroundedPos=(2.60,105.00) base_lastPos=(54.53,165.77) sim_lastPos=(54.53,165.77) base_yStart=11.18 sim_yStart=11.18 base_fallStartY=0.00 sim_fallStartY=0.00 base_lastPortalPos=(0.00,0.00) sim_lastPortalPos=(0.00,0.00) portalY=0.00
[sim-tick] runPlan iter=0 pos=(57.1,166.8) yVel=2.108 xVel?=0.000 isOnGround=0 isUD=0 gMod=1.00 speed=0.900
[sim-tick] runPlan iter=30 pos=(96.1,158.4) yVel=-4.372 xVel?=1.298 isOnGround=0 isUD=0 gMod=1.00 speed=0.900
[sim-tick] runPlan iter=60 pos=(135.0,106.3) yVel=-10.852 xVel?=1.298 isOnGround=0 isUD=0 gMod=1.00 speed=0.900
[sim-tick] runPlan iter=90 pos=(174.0,158.2) yVel=5.132 xVel?=1.298 isOnGround=0 isUD=0 gMod=1.00 speed=0.900
[sim-tick] runPlan iter=120 pos=(212.9,170.3) yVel=-1.348 xVel?=1.298 isOnGround=0 isUD=0 gMod=1.00 speed=0.900
[sim-tick] runPlan iter=150 pos=(251.9,138.6) yVel=-7.828 xVel?=1.298 isOnGround=0 isUD=0 gMod=1.00 speed=0.900
[sim-tick] runPlan iter=180 pos=(290.8,135.8) yVel=8.372 xVel?=1.298 isOnGround=0 isUD=0 gMod=1.00 speed=0.900
[sim-tick] runPlan iter=210 pos=(329.8,169.7) yVel=1.892 xVel?=1.298 isOnGround=0 isUD=0 gMod=1.00 speed=0.900
[sim-tick] runPlan iter=240 pos=(368.7,159.9) yVel=-4.588 xVel?=1.298 isOnGround=0 isUD=0 gMod=1.00 speed=0.900
[run-init] base getPos=(55.82,166.29) m_position=(54.53,165.77) simAfterSet getPos=(55.82,166.29) m_position=(54.53,165.77) isOnGround=0/0/1/0 baseLGO=0x0 simLGO=0x0 baseColl=0x0 simColl=0x0 baseYV=2.324 simYV=2.324 base_lastGroundedPos=(2.60,105.00) sim_lastGroundedPos=(2.60,105.00) base_lastPos=(54.53,165.77) sim_lastPos=(54.53,165.77) base_yStart=11.18 sim_yStart=11.18 base_fallStartY=0.00 sim_fallStartY=0.00 base_lastPortalPos=(0.00,0.00) sim_lastPortalPos=(0.00,0.00) portalY=0.00
[sim-tick] runPlan iter=0 pos=(57.1,166.8) yVel=2.108 xVel?=0.000 isOnGround=0 isUD=0 gMod=1.00 speed=0.900
[sim-tick] runPlan iter=30 pos=(96.1,158.4) yVel=-4.372 xVel?=1.298 isOnGround=0 isUD=0 gMod=1.00 speed=0.900
[sim-tick] runPlan iter=60 pos=(135.0,106.3) yVel=-10.852 xVel?=1.298 isOnGround=0 isUD=0 gMod=1.00 speed=0.900
[sim-tick] runPlan iter=90 pos=(174.0,158.2) yVel=5.132 xVel?=1.298 isOnGround=0 isUD=0 gMod=1.00 speed=0.900
[sim-tick] runPlan iter=120 pos=(212.9,170.3) yVel=-1.348 xVel?=1.298 isOnGround=0 isUD=0 gMod=1.00 speed=0.900
[sim-tick] runPlan iter=150 pos=(251.9,138.6) yVel=-7.828 xVel?=1.298 isOnGround=0 isUD=0 gMod=1.00 speed=0.900
[sim-tick] runPlan iter=180 pos=(290.8,135.8) yVel=8.372 xVel?=1.298 isOnGround=0 isUD=0 gMod=1.00 speed=0.900
[sim-tick] runPlan iter=210 pos=(329.8,169.7) yVel=1.892 xVel?=1.298 isOnGround=0 isUD=0 gMod=1.00 speed=0.900
[sim-tick] runPlan iter=240 pos=(368.7,159.9) yVel=-4.588 xVel?=1.298 isOnGround=0 isUD=0 gMod=1.00 speed=0.900
[run-init] base getPos=(55.82,166.29) m_position=(54.53,165.77) simAfterSet getPos=(55.82,166.29) m_position=(54.53,165.77) isOnGround=0/0/1/0 baseLGO=0x0 simLGO=0x0 baseColl=0x0 simColl=0x0 baseYV=2.324 simYV=2.324 base_lastGroundedPos=(2.60,105.00) sim_lastGroundedPos=(2.60,105.00) base_lastPos=(54.53,165.77) sim_lastPos=(54.53,165.77) base_yStart=11.18 sim_yStart=11.18 base_fallStartY=0.00 sim_fallStartY=0.00 base_lastPortalPos=(0.00,0.00) sim_lastPortalPos=(0.00,0.00) portalY=0.00
[sim-tick] runPlan iter=0 pos=(57.1,166.8) yVel=2.108 xVel?=0.000 isOnGround=0 isUD=0 gMod=1.00 speed=0.900
[sim-tick] runPlan iter=30 pos=(96.1,158.4) yVel=-4.372 xVel?=1.298 isOnGround=0 isUD=0 gMod=1.00 speed=0.900
[sim-tick] runPlan iter=60 pos=(135.0,106.3) yVel=-10.852 xVel?=1.298 isOnGround=0 isUD=0 gMod=1.00 speed=0.900
[sim-tick] runPlan iter=90 pos=(174.0,158.2) yVel=5.132 xVel?=1.298 isOnGround=0 isUD=0 gMod=1.00 speed=0.900
[sim-tick] runPlan iter=120 pos=(212.9,170.3) yVel=-1.348 xVel?=1.298 isOnGround=0 isUD=0 gMod=1.00 speed=0.900
[sim-tick] runPlan iter=150 pos=(251.9,138.6) yVel=-7.828 xVel?=1.298 isOnGround=0 isUD=0 gMod=1.00 speed=0.900
[sim-tick] runPlan iter=180 pos=(290.8,135.8) yVel=8.372 xVel?=1.298 isOnGround=0 isUD=0 gMod=1.00 speed=0.900
[sim-tick] runPlan iter=210 pos=(329.8,169.7) yVel=1.892 xVel?=1.298 isOnGround=0 isUD=0 gMod=1.00 speed=0.900
[sim-tick] runPlan iter=240 pos=(368.7,159.9) yVel=-4.588 xVel?=1.298 isOnGround=0 isUD=0 gMod=1.00 speed=0.900
[run-init] base getPos=(63.61,168.41) m_position=(62.32,168.18) simAfterSet getPos=(63.61,168.41) m_position=(62.32,168.18) isOnGround=0/0/1/0 baseLGO=0x0 simLGO=0x0 baseColl=0x0 simColl=0x0 baseYV=1.028 simYV=1.028 base_lastGroundedPos=(2.60,105.00) sim_lastGroundedPos=(2.60,105.00) base_lastPos=(62.32,168.18) sim_lastPos=(62.32,168.18) base_yStart=11.18 sim_yStart=11.18 base_fallStartY=166.77 sim_fallStartY=166.77 base_lastPortalPos=(0.00,0.00) sim_lastPortalPos=(0.00,0.00) portalY=0.00
[sim-tick] runPlan iter=0 pos=(64.9,168.6) yVel=0.812 xVel?=0.000 isOnGround=0 isUD=0 gMod=1.00 speed=0.900
[sim-tick] runPlan iter=30 pos=(103.9,151.5) yVel=-5.668 xVel?=1.298 isOnGround=0 isUD=0 gMod=1.00 speed=0.900
[sim-tick] runPlan iter=60 pos=(142.8,105.0) yVel=-0.216 xVel?=1.298 isOnGround=0 isUD=0 gMod=1.00 speed=0.900
[sim-tick] runPlan iter=90 pos=(181.8,105.0) yVel=-0.216 xVel?=1.298 isOnGround=0 isUD=0 gMod=1.00 speed=0.900
[sim-tick] runPlan iter=120 pos=(220.7,105.0) yVel=-0.216 xVel?=1.298 isOnGround=0 isUD=0 gMod=1.00 speed=0.900
[sim-tick] runPlan iter=150 pos=(259.6,105.0) yVel=-0.216 xVel?=1.298 isOnGround=0 isUD=0 gMod=1.00 speed=0.900
[sim-tick] runPlan iter=180 pos=(298.6,105.0) yVel=-0.216 xVel?=1.298 isOnGround=0 isUD=0 gMod=1.00 speed=0.900
[run-init] base getPos=(63.61,168.41) m_position=(62.32,168.18) simAfterSet getPos=(63.61,168.41) m_position=(62.32,168.18) isOnGround=0/0/1/0 baseLGO=0x0 simLGO=0x0 baseColl=0x0 simColl=0x0 baseYV=1.028 simYV=1.028 base_lastGroundedPos=(2.60,105.00) sim_lastGroundedPos=(2.60,105.00) base_lastPos=(62.32,168.18) sim_lastPos=(62.32,168.18) base_yStart=11.18 sim_yStart=11.18 base_fallStartY=166.77 sim_fallStartY=166.77 base_lastPortalPos=(0.00,0.00) sim_lastPortalPos=(0.00,0.00) portalY=0.00
[sim-tick] runPlan iter=0 pos=(64.9,168.6) yVel=0.812 xVel?=0.000 isOnGround=0 isUD=0 gMod=1.00 speed=0.900
[sim-tick] runPlan iter=30 pos=(103.9,151.5) yVel=-5.668 xVel?=1.298 isOnGround=0 isUD=0 gMod=1.00 speed=0.900
[sim-tick] runPlan iter=60 pos=(142.8,105.0) yVel=-0.216 xVel?=1.298 isOnGround=0 isUD=0 gMod=1.00 speed=0.900
[sim-tick] runPlan iter=90 pos=(181.8,157.9) yVel=4.700 xVel?=1.298 isOnGround=0 isUD=0 gMod=1.00 speed=0.900
[sim-tick] runPlan iter=120 pos=(220.7,167.0) yVel=-1.780 xVel?=1.298 isOnGround=0 isUD=0 gMod=1.00 speed=0.900
[sim-tick] runPlan iter=150 pos=(259.6,132.4) yVel=-8.260 xVel?=1.298 isOnGround=0 isUD=0 gMod=1.00 speed=0.900
[sim-tick] runPlan iter=180 pos=(298.6,105.0) yVel=-0.216 xVel?=1.298 isOnGround=0 isUD=0 gMod=1.00 speed=0.900
[run-init] base getPos=(63.61,168.41) m_position=(62.32,168.18) simAfterSet getPos=(63.61,168.41) m_position=(62.32,168.18) isOnGround=0/0/1/0 baseLGO=0x0 simLGO=0x0 baseColl=0x0 simColl=0x0 baseYV=1.028 simYV=1.028 base_lastGroundedPos=(2.60,105.00) sim_lastGroundedPos=(2.60,105.00) base_lastPos=(62.32,168.18) sim_lastPos=(62.32,168.18) base_yStart=11.18 sim_yStart=11.18 base_fallStartY=166.77 sim_fallStartY=166.77 base_lastPortalPos=(0.00,0.00) sim_lastPortalPos=(0.00,0.00) portalY=0.00
[sim-tick] runPlan iter=0 pos=(64.9,168.6) yVel=0.812 xVel?=0.000 isOnGround=0 isUD=0 gMod=1.00 speed=0.900
[sim-tick] runPlan iter=30 pos=(103.9,151.5) yVel=-5.668 xVel?=1.298 isOnGround=0 isUD=0 gMod=1.00 speed=0.900
[sim-tick] runPlan iter=60 pos=(142.8,105.0) yVel=-0.216 xVel?=1.298 isOnGround=0 isUD=0 gMod=1.00 speed=0.900
[sim-tick] runPlan iter=90 pos=(181.8,105.0) yVel=-0.216 xVel?=1.298 isOnGround=0 isUD=0 gMod=1.00 speed=0.900
[sim-tick] runPlan iter=120 pos=(220.7,105.0) yVel=-0.216 xVel?=1.298 isOnGround=0 isUD=0 gMod=1.00 speed=0.900
[sim-tick] runPlan iter=150 pos=(259.6,105.0) yVel=-0.216 xVel?=1.298 isOnGround=0 isUD=0 gMod=1.00 speed=0.900
[sim-tick] runPlan iter=180 pos=(298.6,105.0) yVel=-0.216 xVel?=1.298 isOnGround=0 isUD=0 gMod=1.00 speed=0.900
[run-init] base getPos=(63.61,168.41) m_position=(62.32,168.18) simAfterSet getPos=(63.61,168.41) m_position=(62.32,168.18) isOnGround=0/0/1/0 baseLGO=0x0 simLGO=0x0 baseColl=0x0 simColl=0x0 baseYV=1.028 simYV=1.028 base_lastGroundedPos=(2.60,105.00) sim_lastGroundedPos=(2.60,105.00) base_lastPos=(62.32,168.18) sim_lastPos=(62.32,168.18) base_yStart=11.18 sim_yStart=11.18 base_fallStartY=166.77 sim_fallStartY=166.77 base_lastPortalPos=(0.00,0.00) sim_lastPortalPos=(0.00,0.00) portalY=0.00
[sim-tick] runPlan iter=0 pos=(64.9,168.6) yVel=0.812 xVel?=0.000 isOnGround=0 isUD=0 gMod=1.00 speed=0.900
[sim-tick] runPlan iter=30 pos=(103.9,151.5) yVel=-5.668 xVel?=1.298 isOnGround=0 isUD=0 gMod=1.00 speed=0.900
[sim-tick] runPlan iter=60 pos=(142.8,117.1) yVel=10.316 xVel?=1.298 isOnGround=0 isUD=0 gMod=1.00 speed=0.900
[sim-tick] runPlan iter=90 pos=(181.8,164.1) yVel=3.836 xVel?=1.298 isOnGround=0 isUD=0 gMod=1.00 speed=0.900
[sim-tick] runPlan iter=120 pos=(220.7,167.4) yVel=-2.644 xVel?=1.298 isOnGround=0 isUD=0 gMod=1.00 speed=0.900
[sim-tick] runPlan iter=150 pos=(259.6,127.0) yVel=-9.124 xVel?=1.298 isOnGround=0 isUD=0 gMod=1.00 speed=0.900
[sim-tick] runPlan iter=180 pos=(298.6,146.1) yVel=7.076 xVel?=1.298 isOnGround=0 isUD=0 gMod=1.00 speed=0.900
[sim-tick] runPlan iter=210 pos=(337.5,171.2) yVel=0.596 xVel?=1.298 isOnGround=0 isUD=0 gMod=1.00 speed=0.900
[sim-tick] runPlan iter=240 pos=(376.5,152.7) yVel=-5.884 xVel?=1.298 isOnGround=0 isUD=0 gMod=1.00 speed=0.900
[run-init] base getPos=(63.61,168.41) m_position=(62.32,168.18) simAfterSet getPos=(63.61,168.41) m_position=(62.32,168.18) isOnGround=0/0/1/0 baseLGO=0x0 simLGO=0x0 baseColl=0x0 simColl=0x0 baseYV=1.028 simYV=1.028 base_lastGroundedPos=(2.60,105.00) sim_lastGroundedPos=(2.60,105.00) base_lastPos=(62.32,168.18) sim_lastPos=(62.32,168.18) base_yStart=11.18 sim_yStart=11.18 base_fallStartY=166.77 sim_fallStartY=166.77 base_lastPortalPos=(0.00,0.00) sim_lastPortalPos=(0.00,0.00) portalY=0.00
[sim-tick] runPlan iter=0 pos=(64.9,168.6) yVel=0.812 xVel?=0.000 isOnGround=0 isUD=0 gMod=1.00 speed=0.900
[sim-tick] runPlan iter=30 pos=(103.9,151.5) yVel=-5.668 xVel?=1.298 isOnGround=0 isUD=0 gMod=1.00 speed=0.900
[sim-tick] runPlan iter=60 pos=(142.8,117.1) yVel=10.316 xVel?=1.298 isOnGround=0 isUD=0 gMod=1.00 speed=0.900
[sim-tick] runPlan iter=90 pos=(181.8,164.1) yVel=3.836 xVel?=1.298 isOnGround=0 isUD=0 gMod=1.00 speed=0.900
[sim-tick] runPlan iter=120 pos=(220.7,167.4) yVel=-2.644 xVel?=1.298 isOnGround=0 isUD=0 gMod=1.00 speed=0.900
[sim-tick] runPlan iter=150 pos=(259.6,127.0) yVel=-9.124 xVel?=1.298 isOnGround=0 isUD=0 gMod=1.00 speed=0.900
[sim-tick] runPlan iter=180 pos=(298.6,146.1) yVel=7.076 xVel?=1.298 isOnGround=0 isUD=0 gMod=1.00 speed=0.900
[sim-tick] runPlan iter=210 pos=(337.5,171.2) yVel=0.596 xVel?=1.298 isOnGround=0 isUD=0 gMod=1.00 speed=0.900
[sim-tick] runPlan iter=240 pos=(376.5,152.7) yVel=-5.884 xVel?=1.298 isOnGround=0 isUD=0 gMod=1.00 speed=0.900
[run-init] base getPos=(63.61,168.41) m_position=(62.32,168.18) simAfterSet getPos=(63.61,168.41) m_position=(62.32,168.18) isOnGround=0/0/1/0 baseLGO=0x0 simLGO=0x0 baseColl=0x0 simColl=0x0 baseYV=1.028 simYV=1.028 base_lastGroundedPos=(2.60,105.00) sim_lastGroundedPos=(2.60,105.00) base_lastPos=(62.32,168.18) sim_lastPos=(62.32,168.18) base_yStart=11.18 sim_yStart=11.18 base_fallStartY=166.77 sim_fallStartY=166.77 base_lastPortalPos=(0.00,0.00) sim_lastPortalPos=(0.00,0.00) portalY=0.00
[sim-tick] runPlan iter=0 pos=(64.9,168.6) yVel=0.812 xVel?=0.000 isOnGround=0 isUD=0 gMod=1.00 speed=0.900
[sim-tick] runPlan iter=30 pos=(103.9,151.5) yVel=-5.668 xVel?=1.298 isOnGround=0 isUD=0 gMod=1.00 speed=0.900
[sim-tick] runPlan iter=60 pos=(142.8,107.5) yVel=10.964 xVel?=1.298 isOnGround=0 isUD=0 gMod=1.00 speed=0.900
[sim-tick] runPlan iter=90 pos=(181.8,158.9) yVel=4.484 xVel?=1.298 isOnGround=0 isUD=0 gMod=1.00 speed=0.900
[sim-tick] runPlan iter=120 pos=(220.7,166.5) yVel=-1.996 xVel?=1.298 isOnGround=0 isUD=0 gMod=1.00 speed=0.900
[sim-tick] runPlan iter=150 pos=(259.6,130.5) yVel=-8.476 xVel?=1.298 isOnGround=0 isUD=0 gMod=1.00 speed=0.900
[sim-tick] runPlan iter=180 pos=(298.6,142.8) yVel=7.508 xVel?=1.298 isOnGround=0 isUD=0 gMod=1.00 speed=0.900
[sim-tick] runPlan iter=210 pos=(337.5,170.9) yVel=1.028 xVel?=1.298 isOnGround=0 isUD=0 gMod=1.00 speed=0.900
[sim-tick] runPlan iter=240 pos=(376.5,155.3) yVel=-5.452 xVel?=1.298 isOnGround=0 isUD=0 gMod=1.00 speed=0.900
[run-init] base getPos=(63.61,168.41) m_position=(62.32,168.18) simAfterSet getPos=(63.61,168.41) m_position=(62.32,168.18) isOnGround=0/0/1/0 baseLGO=0x0 simLGO=0x0 baseColl=0x0 simColl=0x0 baseYV=1.028 simYV=1.028 base_lastGroundedPos=(2.60,105.00) sim_lastGroundedPos=(2.60,105.00) base_lastPos=(62.32,168.18) sim_lastPos=(62.32,168.18) base_yStart=11.18 sim_yStart=11.18 base_fallStartY=166.77 sim_fallStartY=166.77 base_lastPortalPos=(0.00,0.00) sim_lastPortalPos=(0.00,0.00) portalY=0.00
[sim-tick] runPlan iter=0 pos=(64.9,168.6) yVel=0.812 xVel?=0.000 isOnGround=0 isUD=0 gMod=1.00 speed=0.900
[sim-tick] runPlan iter=30 pos=(103.9,151.5) yVel=-5.668 xVel?=1.298 isOnGround=0 isUD=0 gMod=1.00 speed=0.900
[sim-tick] runPlan iter=60 pos=(142.8,117.1) yVel=10.316 xVel?=1.298 isOnGround=0 isUD=0 gMod=1.00 speed=0.900
[sim-tick] runPlan iter=90 pos=(181.8,164.1) yVel=3.836 xVel?=1.298 isOnGround=0 isUD=0 gMod=1.00 speed=0.900
[sim-tick] runPlan iter=120 pos=(220.7,167.4) yVel=-2.644 xVel?=1.298 isOnGround=0 isUD=0 gMod=1.00 speed=0.900
[sim-tick] runPlan iter=150 pos=(259.6,127.0) yVel=-9.124 xVel?=1.298 isOnGround=0 isUD=0 gMod=1.00 speed=0.900
[sim-tick] runPlan iter=180 pos=(298.6,146.1) yVel=7.076 xVel?=1.298 isOnGround=0 isUD=0 gMod=1.00 speed=0.900
[sim-tick] runPlan iter=210 pos=(337.5,171.2) yVel=0.596 xVel?=1.298 isOnGround=0 isUD=0 gMod=1.00 speed=0.900
[sim-tick] runPlan iter=240 pos=(376.5,152.7) yVel=-5.884 xVel?=1.298 isOnGround=0 isUD=0 gMod=1.00 speed=0.900
[run-init] base getPos=(71.40,168.77) m_position=(70.11,168.84) simAfterSet getPos=(71.40,168.77) m_position=(70.11,168.84) isOnGround=0/0/1/0 baseLGO=0x0 simLGO=0x0 baseColl=0x0 simColl=0x0 baseYV=-0.268 simYV=-0.268 base_lastGroundedPos=(2.60,105.00) sim_lastGroundedPos=(2.60,105.00) base_lastPos=(70.11,168.84) sim_lastPos=(70.11,168.84) base_yStart=11.18 sim_yStart=11.18 base_fallStartY=166.77 sim_fallStartY=166.77 base_lastPortalPos=(0.00,0.00) sim_lastPortalPos=(0.00,0.00) portalY=0.00
[sim-tick] runPlan iter=0 pos=(72.7,168.7) yVel=-0.484 xVel?=0.000 isOnGround=0 isUD=0 gMod=1.00 speed=0.900
[sim-tick] runPlan iter=30 pos=(111.6,142.8) yVel=-6.964 xVel?=1.298 isOnGround=0 isUD=0 gMod=1.00 speed=0.900
[sim-tick] runPlan iter=60 pos=(150.6,105.0) yVel=-0.216 xVel?=1.298 isOnGround=0 isUD=0 gMod=1.00 speed=0.900
[sim-tick] runPlan iter=90 pos=(189.5,105.0) yVel=-0.216 xVel?=1.298 isOnGround=0 isUD=0 gMod=1.00 speed=0.900
[sim-tick] runPlan iter=120 pos=(228.5,105.0) yVel=-0.216 xVel?=1.298 isOnGround=0 isUD=0 gMod=1.00 speed=0.900
[sim-tick] runPlan iter=150 pos=(267.4,105.0) yVel=-0.216 xVel?=1.298 isOnGround=0 isUD=0 gMod=1.00 speed=0.900
[run-init] base getPos=(71.40,168.77) m_position=(70.11,168.84) simAfterSet getPos=(71.40,168.77) m_position=(70.11,168.84) isOnGround=0/0/1/0 baseLGO=0x0 simLGO=0x0 baseColl=0x0 simColl=0x0 baseYV=-0.268 simYV=-0.268 base_lastGroundedPos=(2.60,105.00) sim_lastGroundedPos=(2.60,105.00) base_lastPos=(70.11,168.84) sim_lastPos=(70.11,168.84) base_yStart=11.18 sim_yStart=11.18 base_fallStartY=166.77 sim_fallStartY=166.77 base_lastPortalPos=(0.00,0.00) sim_lastPortalPos=(0.00,0.00) portalY=0.00
[sim-tick] runPlan iter=0 pos=(72.7,168.7) yVel=-0.484 xVel?=0.000 isOnGround=0 isUD=0 gMod=1.00 speed=0.900
[sim-tick] runPlan iter=30 pos=(111.6,142.8) yVel=-6.964 xVel?=1.298 isOnGround=0 isUD=0 gMod=1.00 speed=0.900
[sim-tick] runPlan iter=60 pos=(150.6,130.0) yVel=9.020 xVel?=1.298 isOnGround=0 isUD=0 gMod=1.00 speed=0.900
[sim-tick] runPlan iter=90 pos=(189.5,168.3) yVel=2.540 xVel?=1.298 isOnGround=0 isUD=0 gMod=1.00 speed=0.900
[sim-tick] runPlan iter=120 pos=(228.5,162.8) yVel=-3.940 xVel?=1.298 isOnGround=0 isUD=0 gMod=1.00 speed=0.900
[sim-tick] runPlan iter=150 pos=(267.4,113.6) yVel=-10.420 xVel?=1.298 isOnGround=0 isUD=0 gMod=1.00 speed=0.900
[run-init] base getPos=(71.40,168.77) m_position=(70.11,168.84) simAfterSet getPos=(71.40,168.77) m_position=(70.11,168.84) isOnGround=0/0/1/0 baseLGO=0x0 simLGO=0x0 baseColl=0x0 simColl=0x0 baseYV=-0.268 simYV=-0.268 base_lastGroundedPos=(2.60,105.00) sim_lastGroundedPos=(2.60,105.00) base_lastPos=(70.11,168.84) sim_lastPos=(70.11,168.84) base_yStart=11.18 sim_yStart=11.18 base_fallStartY=166.77 sim_fallStartY=166.77 base_lastPortalPos=(0.00,0.00) sim_lastPortalPos=(0.00,0.00) portalY=0.00
[sim-tick] runPlan iter=0 pos=(72.7,168.7) yVel=-0.484 xVel?=0.000 isOnGround=0 isUD=0 gMod=1.00 speed=0.900
[sim-tick] runPlan iter=30 pos=(111.6,142.8) yVel=-6.964 xVel?=1.298 isOnGround=0 isUD=0 gMod=1.00 speed=0.900
[sim-tick] runPlan iter=60 pos=(150.6,105.0) yVel=-0.216 xVel?=1.298 isOnGround=0 isUD=0 gMod=1.00 speed=0.900
[sim-tick] runPlan iter=90 pos=(189.5,105.0) yVel=-0.216 xVel?=1.298 isOnGround=0 isUD=0 gMod=1.00 speed=0.900
[sim-tick] runPlan iter=120 pos=(228.5,105.0) yVel=-0.216 xVel?=1.298 isOnGround=0 isUD=0 gMod=1.00 speed=0.900
[sim-tick] runPlan iter=150 pos=(267.4,105.0) yVel=-0.216 xVel?=1.298 isOnGround=0 isUD=0 gMod=1.00 speed=0.900
[run-init] base getPos=(71.40,168.77) m_position=(70.11,168.84) simAfterSet getPos=(71.40,168.77) m_position=(70.11,168.84) isOnGround=0/0/1/0 baseLGO=0x0 simLGO=0x0 baseColl=0x0 simColl=0x0 baseYV=-0.268 simYV=-0.268 base_lastGroundedPos=(2.60,105.00) sim_lastGroundedPos=(2.60,105.00) base_lastPos=(70.11,168.84) sim_lastPos=(70.11,168.84) base_yStart=11.18 sim_yStart=11.18 base_fallStartY=166.77 sim_fallStartY=166.77 base_lastPortalPos=(0.00,0.00) sim_lastPortalPos=(0.00,0.00) portalY=0.00
[sim-tick] runPlan iter=0 pos=(72.7,168.7) yVel=-0.484 xVel?=0.000 isOnGround=0 isUD=0 gMod=1.00 speed=0.900
[sim-tick] runPlan iter=30 pos=(111.6,142.8) yVel=-6.964 xVel?=1.298 isOnGround=0 isUD=0 gMod=1.00 speed=0.900
[sim-tick] runPlan iter=60 pos=(150.6,130.0) yVel=9.020 xVel?=1.298 isOnGround=0 isUD=0 gMod=1.00 speed=0.900
[sim-tick] runPlan iter=90 pos=(189.5,168.3) yVel=2.540 xVel?=1.298 isOnGround=0 isUD=0 gMod=1.00 speed=0.900
[sim-tick] runPlan iter=120 pos=(228.5,162.8) yVel=-3.940 xVel?=1.298 isOnGround=0 isUD=0 gMod=1.00 speed=0.900
[sim-tick] runPlan iter=150 pos=(267.4,113.6) yVel=-10.420 xVel?=1.298 isOnGround=0 isUD=0 gMod=1.00 speed=0.900
[sim-tick] runPlan iter=180 pos=(306.4,154.6) yVel=5.780 xVel?=1.298 isOnGround=0 isUD=0 gMod=1.00 speed=0.900
[sim-tick] runPlan iter=210 pos=(345.3,171.0) yVel=-0.700 xVel?=1.298 isOnGround=0 isUD=0 gMod=1.00 speed=0.900
[sim-tick] runPlan iter=240 pos=(384.3,143.7) yVel=-7.180 xVel?=1.298 isOnGround=0 isUD=0 gMod=1.00 speed=0.900
[run-init] base getPos=(71.40,168.77) m_position=(70.11,168.84) simAfterSet getPos=(71.40,168.77) m_position=(70.11,168.84) isOnGround=0/0/1/0 baseLGO=0x0 simLGO=0x0 baseColl=0x0 simColl=0x0 baseYV=-0.268 simYV=-0.268 base_lastGroundedPos=(2.60,105.00) sim_lastGroundedPos=(2.60,105.00) base_lastPos=(70.11,168.84) sim_lastPos=(70.11,168.84) base_yStart=11.18 sim_yStart=11.18 base_fallStartY=166.77 sim_fallStartY=166.77 base_lastPortalPos=(0.00,0.00) sim_lastPortalPos=(0.00,0.00) portalY=0.00
[sim-tick] runPlan iter=0 pos=(72.7,168.7) yVel=-0.484 xVel?=0.000 isOnGround=0 isUD=0 gMod=1.00 speed=0.900
[sim-tick] runPlan iter=30 pos=(111.6,142.8) yVel=-6.964 xVel?=1.298 isOnGround=0 isUD=0 gMod=1.00 speed=0.900
[sim-tick] runPlan iter=60 pos=(150.6,130.0) yVel=9.020 xVel?=1.298 isOnGround=0 isUD=0 gMod=1.00 speed=0.900
[sim-tick] runPlan iter=90 pos=(189.5,168.3) yVel=2.540 xVel?=1.298 isOnGround=0 isUD=0 gMod=1.00 speed=0.900
[sim-tick] runPlan iter=120 pos=(228.5,162.8) yVel=-3.940 xVel?=1.298 isOnGround=0 isUD=0 gMod=1.00 speed=0.900
[sim-tick] runPlan iter=150 pos=(267.4,113.6) yVel=-10.420 xVel?=1.298 isOnGround=0 isUD=0 gMod=1.00 speed=0.900
[sim-tick] runPlan iter=180 pos=(306.4,154.6) yVel=5.780 xVel?=1.298 isOnGround=0 isUD=0 gMod=1.00 speed=0.900
[sim-tick] runPlan iter=210 pos=(345.3,171.0) yVel=-0.700 xVel?=1.298 isOnGround=0 isUD=0 gMod=1.00 speed=0.900
[sim-tick] runPlan iter=240 pos=(384.3,143.7) yVel=-7.180 xVel?=1.298 isOnGround=0 isUD=0 gMod=1.00 speed=0.900
[run-init] base getPos=(71.40,168.77) m_position=(70.11,168.84) simAfterSet getPos=(71.40,168.77) m_position=(70.11,168.84) isOnGround=0/0/1/0 baseLGO=0x0 simLGO=0x0 baseColl=0x0 simColl=0x0 baseYV=-0.268 simYV=-0.268 base_lastGroundedPos=(2.60,105.00) sim_lastGroundedPos=(2.60,105.00) base_lastPos=(70.11,168.84) sim_lastPos=(70.11,168.84) base_yStart=11.18 sim_yStart=11.18 base_fallStartY=166.77 sim_fallStartY=166.77 base_lastPortalPos=(0.00,0.00) sim_lastPortalPos=(0.00,0.00) portalY=0.00
[sim-tick] runPlan iter=0 pos=(72.7,168.7) yVel=-0.484 xVel?=0.000 isOnGround=0 isUD=0 gMod=1.00 speed=0.900
[sim-tick] runPlan iter=30 pos=(111.6,142.8) yVel=-6.964 xVel?=1.298 isOnGround=0 isUD=0 gMod=1.00 speed=0.900
[sim-tick] runPlan iter=60 pos=(150.6,107.5) yVel=10.964 xVel?=1.298 isOnGround=0 isUD=0 gMod=1.00 speed=0.900
[sim-tick] runPlan iter=90 pos=(189.5,158.9) yVel=4.484 xVel?=1.298 isOnGround=0 isUD=0 gMod=1.00 speed=0.900
[sim-tick] runPlan iter=120 pos=(228.5,166.5) yVel=-1.996 xVel?=1.298 isOnGround=0 isUD=0 gMod=1.00 speed=0.900
[sim-tick] runPlan iter=150 pos=(267.4,130.5) yVel=-8.476 xVel?=1.298 isOnGround=0 isUD=0 gMod=1.00 speed=0.900
[sim-tick] runPlan iter=180 pos=(306.4,142.8) yVel=7.508 xVel?=1.298 isOnGround=0 isUD=0 gMod=1.00 speed=0.900
[sim-tick] runPlan iter=210 pos=(345.3,170.9) yVel=1.028 xVel?=1.298 isOnGround=0 isUD=0 gMod=1.00 speed=0.900
[sim-tick] runPlan iter=240 pos=(384.3,155.3) yVel=-5.452 xVel?=1.298 isOnGround=0 isUD=0 gMod=1.00 speed=0.900
[run-init] base getPos=(71.40,168.77) m_position=(70.11,168.84) simAfterSet getPos=(71.40,168.77) m_position=(70.11,168.84) isOnGround=0/0/1/0 baseLGO=0x0 simLGO=0x0 baseColl=0x0 simColl=0x0 baseYV=-0.268 simYV=-0.268 base_lastGroundedPos=(2.60,105.00) sim_lastGroundedPos=(2.60,105.00) base_lastPos=(70.11,168.84) sim_lastPos=(70.11,168.84) base_yStart=11.18 sim_yStart=11.18 base_fallStartY=166.77 sim_fallStartY=166.77 base_lastPortalPos=(0.00,0.00) sim_lastPortalPos=(0.00,0.00) portalY=0.00
[sim-tick] runPlan iter=0 pos=(72.7,168.7) yVel=-0.484 xVel?=0.000 isOnGround=0 isUD=0 gMod=1.00 speed=0.900
[sim-tick] runPlan iter=30 pos=(111.6,142.8) yVel=-6.964 xVel?=1.298 isOnGround=0 isUD=0 gMod=1.00 speed=0.900
[sim-tick] runPlan iter=60 pos=(150.6,130.0) yVel=9.020 xVel?=1.298 isOnGround=0 isUD=0 gMod=1.00 speed=0.900
[sim-tick] runPlan iter=90 pos=(189.5,168.3) yVel=2.540 xVel?=1.298 isOnGround=0 isUD=0 gMod=1.00 speed=0.900
[sim-tick] runPlan iter=120 pos=(228.5,162.8) yVel=-3.940 xVel?=1.298 isOnGround=0 isUD=0 gMod=1.00 speed=0.900
[sim-tick] runPlan iter=150 pos=(267.4,113.6) yVel=-10.420 xVel?=1.298 isOnGround=0 isUD=0 gMod=1.00 speed=0.900
[sim-tick] runPlan iter=180 pos=(306.4,154.6) yVel=5.780 xVel?=1.298 isOnGround=0 isUD=0 gMod=1.00 speed=0.900
[sim-tick] runPlan iter=210 pos=(345.3,171.0) yVel=-0.700 xVel?=1.298 isOnGround=0 isUD=0 gMod=1.00 speed=0.900
[sim-tick] runPlan iter=240 pos=(384.3,143.7) yVel=-7.180 xVel?=1.298 isOnGround=0 isUD=0 gMod=1.00 speed=0.900
[run-init] base getPos=(79.19,167.39) m_position=(77.90,167.74) simAfterSet getPos=(79.19,167.39) m_position=(77.90,167.74) isOnGround=0/0/1/0 baseLGO=0x0 simLGO=0x0 baseColl=0x0 simColl=0x0 baseYV=-1.564 simYV=-1.564 base_lastGroundedPos=(2.60,105.00) sim_lastGroundedPos=(2.60,105.00) base_lastPos=(77.90,167.74) sim_lastPos=(77.90,167.74) base_yStart=11.18 sim_yStart=11.18 base_fallStartY=166.77 sim_fallStartY=166.77 base_lastPortalPos=(0.00,0.00) sim_lastPortalPos=(0.00,0.00) portalY=0.00
[sim-tick] runPlan iter=0 pos=(80.5,167.0) yVel=-1.780 xVel?=0.000 isOnGround=0 isUD=0 gMod=1.00 speed=0.900
[sim-tick] runPlan iter=30 pos=(119.4,132.4) yVel=-8.260 xVel?=1.298 isOnGround=0 isUD=0 gMod=1.00 speed=0.900
[sim-tick] runPlan iter=60 pos=(158.4,105.0) yVel=-0.216 xVel?=1.298 isOnGround=0 isUD=0 gMod=1.00 speed=0.900
[sim-tick] runPlan iter=90 pos=(197.3,105.0) yVel=-0.216 xVel?=1.298 isOnGround=0 isUD=0 gMod=1.00 speed=0.900
[sim-tick] runPlan iter=120 pos=(236.3,105.0) yVel=-0.216 xVel?=1.298 isOnGround=0 isUD=0 gMod=1.00 speed=0.900
[sim-tick] runPlan iter=150 pos=(275.2,105.0) yVel=-0.216 xVel?=1.298 isOnGround=0 isUD=0 gMod=1.00 speed=0.900
[run-init] base getPos=(79.19,167.39) m_position=(77.90,167.74) simAfterSet getPos=(79.19,167.39) m_position=(77.90,167.74) isOnGround=0/0/1/0 baseLGO=0x0 simLGO=0x0 baseColl=0x0 simColl=0x0 baseYV=-1.564 simYV=-1.564 base_lastGroundedPos=(2.60,105.00) sim_lastGroundedPos=(2.60,105.00) base_lastPos=(77.90,167.74) sim_lastPos=(77.90,167.74) base_yStart=11.18 sim_yStart=11.18 base_fallStartY=166.77 sim_fallStartY=166.77 base_lastPortalPos=(0.00,0.00) sim_lastPortalPos=(0.00,0.00) portalY=0.00
[sim-tick] runPlan iter=0 pos=(80.5,167.0) yVel=-1.780 xVel?=0.000 isOnGround=0 isUD=0 gMod=1.00 speed=0.900
[sim-tick] runPlan iter=30 pos=(119.4,132.4) yVel=-8.260 xVel?=1.298 isOnGround=0 isUD=0 gMod=1.00 speed=0.900
[sim-tick] runPlan iter=60 pos=(158.4,141.2) yVel=7.724 xVel?=1.298 isOnGround=0 isUD=0 gMod=1.00 speed=0.900
[sim-tick] runPlan iter=90 pos=(197.3,170.7) yVel=1.244 xVel?=1.298 isOnGround=0 isUD=0 gMod=1.00 speed=0.900
[sim-tick] runPlan iter=120 pos=(236.3,156.5) yVel=-5.236 xVel?=1.298 isOnGround=0 isUD=0 gMod=1.00 speed=0.900
[sim-tick] runPlan iter=150 pos=(275.2,105.0) yVel=-0.216 xVel?=1.298 isOnGround=0 isUD=0 gMod=1.00 speed=0.900
[run-init] base getPos=(79.19,167.39) m_position=(77.90,167.74) simAfterSet getPos=(79.19,167.39) m_position=(77.90,167.74) isOnGround=0/0/1/0 baseLGO=0x0 simLGO=0x0 baseColl=0x0 simColl=0x0 baseYV=-1.564 simYV=-1.564 base_lastGroundedPos=(2.60,105.00) sim_lastGroundedPos=(2.60,105.00) base_lastPos=(77.90,167.74) sim_lastPos=(77.90,167.74) base_yStart=11.18 sim_yStart=11.18 base_fallStartY=166.77 sim_fallStartY=166.77 base_lastPortalPos=(0.00,0.00) sim_lastPortalPos=(0.00,0.00) portalY=0.00
[sim-tick] runPlan iter=0 pos=(80.5,167.0) yVel=-1.780 xVel?=0.000 isOnGround=0 isUD=0 gMod=1.00 speed=0.900
[sim-tick] runPlan iter=30 pos=(119.4,132.4) yVel=-8.260 xVel?=1.298 isOnGround=0 isUD=0 gMod=1.00 speed=0.900
[sim-tick] runPlan iter=60 pos=(158.4,105.0) yVel=-0.216 xVel?=1.298 isOnGround=0 isUD=0 gMod=1.00 speed=0.900
[sim-tick] runPlan iter=90 pos=(197.3,105.0) yVel=-0.216 xVel?=1.298 isOnGround=0 isUD=0 gMod=1.00 speed=0.900
[sim-tick] runPlan iter=120 pos=(236.3,105.0) yVel=-0.216 xVel?=1.298 isOnGround=0 isUD=0 gMod=1.00 speed=0.900
[sim-tick] runPlan iter=150 pos=(275.2,105.0) yVel=-0.216 xVel?=1.298 isOnGround=0 isUD=0 gMod=1.00 speed=0.900
[run-init] base getPos=(79.19,167.39) m_position=(77.90,167.74) simAfterSet getPos=(79.19,167.39) m_position=(77.90,167.74) isOnGround=0/0/1/0 baseLGO=0x0 simLGO=0x0 baseColl=0x0 simColl=0x0 baseYV=-1.564 simYV=-1.564 base_lastGroundedPos=(2.60,105.00) sim_lastGroundedPos=(2.60,105.00) base_lastPos=(77.90,167.74) sim_lastPos=(77.90,167.74) base_yStart=11.18 sim_yStart=11.18 base_fallStartY=166.77 sim_fallStartY=166.77 base_lastPortalPos=(0.00,0.00) sim_lastPortalPos=(0.00,0.00) portalY=0.00
[sim-tick] runPlan iter=0 pos=(80.5,167.0) yVel=-1.780 xVel?=0.000 isOnGround=0 isUD=0 gMod=1.00 speed=0.900
[sim-tick] runPlan iter=30 pos=(119.4,132.4) yVel=-8.260 xVel?=1.298 isOnGround=0 isUD=0 gMod=1.00 speed=0.900
[sim-tick] runPlan iter=60 pos=(158.4,141.2) yVel=7.724 xVel?=1.298 isOnGround=0 isUD=0 gMod=1.00 speed=0.900
[sim-tick] runPlan iter=90 pos=(197.3,170.7) yVel=1.244 xVel?=1.298 isOnGround=0 isUD=0 gMod=1.00 speed=0.900
[sim-tick] runPlan iter=120 pos=(236.3,156.5) yVel=-5.236 xVel?=1.298 isOnGround=0 isUD=0 gMod=1.00 speed=0.900
[sim-tick] runPlan iter=150 pos=(275.2,110.0) yVel=10.964 xVel?=1.298 isOnGround=0 isUD=0 gMod=1.00 speed=0.900
[sim-tick] runPlan iter=180 pos=(314.2,161.4) yVel=4.484 xVel?=1.298 isOnGround=0 isUD=0 gMod=1.00 speed=0.900
[sim-tick] runPlan iter=210 pos=(353.1,169.1) yVel=-1.996 xVel?=1.298 isOnGround=0 isUD=0 gMod=1.00 speed=0.900
[run-init] base getPos=(79.19,167.39) m_position=(77.90,167.74) simAfterSet getPos=(79.19,167.39) m_position=(77.90,167.74) isOnGround=0/0/1/0 baseLGO=0x0 simLGO=0x0 baseColl=0x0 simColl=0x0 baseYV=-1.564 simYV=-1.564 base_lastGroundedPos=(2.60,105.00) sim_lastGroundedPos=(2.60,105.00) base_lastPos=(77.90,167.74) sim_lastPos=(77.90,167.74) base_yStart=11.18 sim_yStart=11.18 base_fallStartY=166.77 sim_fallStartY=166.77 base_lastPortalPos=(0.00,0.00) sim_lastPortalPos=(0.00,0.00) portalY=0.00
[sim-tick] runPlan iter=0 pos=(80.5,167.0) yVel=-1.780 xVel?=0.000 isOnGround=0 isUD=0 gMod=1.00 speed=0.900
[sim-tick] runPlan iter=30 pos=(119.4,132.4) yVel=-8.260 xVel?=1.298 isOnGround=0 isUD=0 gMod=1.00 speed=0.900
[sim-tick] runPlan iter=60 pos=(158.4,141.2) yVel=7.724 xVel?=1.298 isOnGround=0 isUD=0 gMod=1.00 speed=0.900
[sim-tick] runPlan iter=90 pos=(197.3,170.7) yVel=1.244 xVel?=1.298 isOnGround=0 isUD=0 gMod=1.00 speed=0.900
[sim-tick] runPlan iter=120 pos=(236.3,156.5) yVel=-5.236 xVel?=1.298 isOnGround=0 isUD=0 gMod=1.00 speed=0.900
[sim-tick] runPlan iter=150 pos=(275.2,110.0) yVel=10.964 xVel?=1.298 isOnGround=0 isUD=0 gMod=1.00 speed=0.900
[sim-tick] runPlan iter=180 pos=(314.2,161.4) yVel=4.484 xVel?=1.298 isOnGround=0 isUD=0 gMod=1.00 speed=0.900
[sim-tick] runPlan iter=210 pos=(353.1,169.1) yVel=-1.996 xVel?=1.298 isOnGround=0 isUD=0 gMod=1.00 speed=0.900
[run-init] base getPos=(79.19,167.39) m_position=(77.90,167.74) simAfterSet getPos=(79.19,167.39) m_position=(77.90,167.74) isOnGround=0/0/1/0 baseLGO=0x0 simLGO=0x0 baseColl=0x0 simColl=0x0 baseYV=-1.564 simYV=-1.564 base_lastGroundedPos=(2.60,105.00) sim_lastGroundedPos=(2.60,105.00) base_lastPos=(77.90,167.74) sim_lastPos=(77.90,167.74) base_yStart=11.18 sim_yStart=11.18 base_fallStartY=166.77 sim_fallStartY=166.77 base_lastPortalPos=(0.00,0.00) sim_lastPortalPos=(0.00,0.00) portalY=0.00
[sim-tick] runPlan iter=0 pos=(80.5,167.0) yVel=-1.780 xVel?=0.000 isOnGround=0 isUD=0 gMod=1.00 speed=0.900
[sim-tick] runPlan iter=30 pos=(119.4,132.4) yVel=-8.260 xVel?=1.298 isOnGround=0 isUD=0 gMod=1.00 speed=0.900
[sim-tick] runPlan iter=60 pos=(158.4,107.5) yVel=10.964 xVel?=1.298 isOnGround=0 isUD=0 gMod=1.00 speed=0.900
[sim-tick] runPlan iter=90 pos=(197.3,158.9) yVel=4.484 xVel?=1.298 isOnGround=0 isUD=0 gMod=1.00 speed=0.900
[sim-tick] runPlan iter=120 pos=(236.3,166.5) yVel=-1.996 xVel?=1.298 isOnGround=0 isUD=0 gMod=1.00 speed=0.900
[sim-tick] runPlan iter=150 pos=(275.2,130.5) yVel=-8.476 xVel?=1.298 isOnGround=0 isUD=0 gMod=1.00 speed=0.900
[sim-tick] runPlan iter=180 pos=(314.2,142.8) yVel=7.508 xVel?=1.298 isOnGround=0 isUD=0 gMod=1.00 speed=0.900
[sim-tick] runPlan iter=210 pos=(353.1,170.9) yVel=1.028 xVel?=1.298 isOnGround=0 isUD=0 gMod=1.00 speed=0.900
[sim-tick] runPlan iter=240 pos=(392.1,155.3) yVel=-5.452 xVel?=1.298 isOnGround=0 isUD=0 gMod=1.00 speed=0.900
[run-init] base getPos=(79.19,167.39) m_position=(77.90,167.74) simAfterSet getPos=(79.19,167.39) m_position=(77.90,167.74) isOnGround=0/0/1/0 baseLGO=0x0 simLGO=0x0 baseColl=0x0 simColl=0x0 baseYV=-1.564 simYV=-1.564 base_lastGroundedPos=(2.60,105.00) sim_lastGroundedPos=(2.60,105.00) base_lastPos=(77.90,167.74) sim_lastPos=(77.90,167.74) base_yStart=11.18 sim_yStart=11.18 base_fallStartY=166.77 sim_fallStartY=166.77 base_lastPortalPos=(0.00,0.00) sim_lastPortalPos=(0.00,0.00) portalY=0.00
[sim-tick] runPlan iter=0 pos=(80.5,167.0) yVel=-1.780 xVel?=0.000 isOnGround=0 isUD=0 gMod=1.00 speed=0.900
[sim-tick] runPlan iter=30 pos=(119.4,132.4) yVel=-8.260 xVel?=1.298 isOnGround=0 isUD=0 gMod=1.00 speed=0.900
[sim-tick] runPlan iter=60 pos=(158.4,141.2) yVel=7.724 xVel?=1.298 isOnGround=0 isUD=0 gMod=1.00 speed=0.900
[sim-tick] runPlan iter=90 pos=(197.3,170.7) yVel=1.244 xVel?=1.298 isOnGround=0 isUD=0 gMod=1.00 speed=0.900
[sim-tick] runPlan iter=120 pos=(236.3,156.5) yVel=-5.236 xVel?=1.298 isOnGround=0 isUD=0 gMod=1.00 speed=0.900
[sim-tick] runPlan iter=150 pos=(275.2,110.0) yVel=10.964 xVel?=1.298 isOnGround=0 isUD=0 gMod=1.00 speed=0.900
[sim-tick] runPlan iter=180 pos=(314.2,161.4) yVel=4.484 xVel?=1.298 isOnGround=0 isUD=0 gMod=1.00 speed=0.900
[sim-tick] runPlan iter=210 pos=(353.1,169.1) yVel=-1.996 xVel?=1.298 isOnGround=0 isUD=0 gMod=1.00 speed=0.900
[run-init] base getPos=(86.98,164.26) m_position=(85.68,164.90) simAfterSet getPos=(86.98,164.26) m_position=(85.68,164.90) isOnGround=0/0/1/0 baseLGO=0x0 simLGO=0x0 baseColl=0x0 simColl=0x0 baseYV=-2.860 simYV=-2.860 base_lastGroundedPos=(2.60,105.00) sim_lastGroundedPos=(2.60,105.00) base_lastPos=(85.68,164.90) sim_lastPos=(85.68,164.90) base_yStart=11.18 sim_yStart=11.18 base_fallStartY=166.77 sim_fallStartY=166.77 base_lastPortalPos=(0.00,0.00) sim_lastPortalPos=(0.00,0.00) portalY=0.00
[sim-tick] runPlan iter=0 pos=(88.3,163.6) yVel=-3.076 xVel?=0.000 isOnGround=0 isUD=0 gMod=1.00 speed=0.900
[sim-tick] runPlan iter=30 pos=(127.2,120.2) yVel=-9.556 xVel?=1.298 isOnGround=0 isUD=0 gMod=1.00 speed=0.900
[sim-tick] runPlan iter=60 pos=(166.2,105.0) yVel=-0.216 xVel?=1.298 isOnGround=0 isUD=0 gMod=1.00 speed=0.900
[sim-tick] runPlan iter=90 pos=(205.1,105.0) yVel=-0.216 xVel?=1.298 isOnGround=0 isUD=0 gMod=1.00 speed=0.900
[sim-tick] runPlan iter=120 pos=(244.1,105.0) yVel=-0.216 xVel?=1.298 isOnGround=0 isUD=0 gMod=1.00 speed=0.900
[sim-tick] runPlan iter=150 pos=(283.0,105.0) yVel=-0.216 xVel?=1.298 isOnGround=0 isUD=0 gMod=1.00 speed=0.900
[run-init] base getPos=(86.98,164.26) m_position=(85.68,164.90) simAfterSet getPos=(86.98,164.26) m_position=(85.68,164.90) isOnGround=0/0/1/0 baseLGO=0x0 simLGO=0x0 baseColl=0x0 simColl=0x0 baseYV=-2.860 simYV=-2.860 base_lastGroundedPos=(2.60,105.00) sim_lastGroundedPos=(2.60,105.00) base_lastPos=(85.68,164.90) sim_lastPos=(85.68,164.90) base_yStart=11.18 sim_yStart=11.18 base_fallStartY=166.77 sim_fallStartY=166.77 base_lastPortalPos=(0.00,0.00) sim_lastPortalPos=(0.00,0.00) portalY=0.00
[sim-tick] runPlan iter=0 pos=(88.3,163.6) yVel=-3.076 xVel?=0.000 isOnGround=0 isUD=0 gMod=1.00 speed=0.900
[sim-tick] runPlan iter=30 pos=(127.2,120.2) yVel=-9.556 xVel?=1.298 isOnGround=0 isUD=0 gMod=1.00 speed=0.900
[sim-tick] runPlan iter=60 pos=(166.2,145.1) yVel=6.860 xVel?=1.298 isOnGround=0 isUD=0 gMod=1.00 speed=0.900
[sim-tick] runPlan iter=90 pos=(205.1,168.8) yVel=0.380 xVel?=1.298 isOnGround=0 isUD=0 gMod=1.00 speed=0.900
[sim-tick] runPlan iter=120 pos=(244.1,148.8) yVel=-6.100 xVel?=1.298 isOnGround=0 isUD=0 gMod=1.00 speed=0.900
[sim-tick] runPlan iter=150 pos=(283.0,105.0) yVel=-0.216 xVel?=1.298 isOnGround=0 isUD=0 gMod=1.00 speed=0.900
[run-init] base getPos=(86.98,164.26) m_position=(85.68,164.90) simAfterSet getPos=(86.98,164.26) m_position=(85.68,164.90) isOnGround=0/0/1/0 baseLGO=0x0 simLGO=0x0 baseColl=0x0 simColl=0x0 baseYV=-2.860 simYV=-2.860 base_lastGroundedPos=(2.60,105.00) sim_lastGroundedPos=(2.60,105.00) base_lastPos=(85.68,164.90) sim_lastPos=(85.68,164.90) base_yStart=11.18 sim_yStart=11.18 base_fallStartY=166.77 sim_fallStartY=166.77 base_lastPortalPos=(0.00,0.00) sim_lastPortalPos=(0.00,0.00) portalY=0.00
[sim-tick] runPlan iter=0 pos=(88.3,163.6) yVel=-3.076 xVel?=0.000 isOnGround=0 isUD=0 gMod=1.00 speed=0.900
[sim-tick] runPlan iter=30 pos=(127.2,120.2) yVel=-9.556 xVel?=1.298 isOnGround=0 isUD=0 gMod=1.00 speed=0.900
[sim-tick] runPlan iter=60 pos=(166.2,105.0) yVel=-0.216 xVel?=1.298 isOnGround=0 isUD=0 gMod=1.00 speed=0.900
[sim-tick] runPlan iter=90 pos=(205.1,105.0) yVel=-0.216 xVel?=1.298 isOnGround=0 isUD=0 gMod=1.00 speed=0.900
[sim-tick] runPlan iter=120 pos=(244.1,105.0) yVel=-0.216 xVel?=1.298 isOnGround=0 isUD=0 gMod=1.00 speed=0.900
[sim-tick] runPlan iter=150 pos=(283.0,105.0) yVel=-0.216 xVel?=1.298 isOnGround=0 isUD=0 gMod=1.00 speed=0.900
[run-init] base getPos=(86.98,164.26) m_position=(85.68,164.90) simAfterSet getPos=(86.98,164.26) m_position=(85.68,164.90) isOnGround=0/0/1/0 baseLGO=0x0 simLGO=0x0 baseColl=0x0 simColl=0x0 baseYV=-2.860 simYV=-2.860 base_lastGroundedPos=(2.60,105.00) sim_lastGroundedPos=(2.60,105.00) base_lastPos=(85.68,164.90) sim_lastPos=(85.68,164.90) base_yStart=11.18 sim_yStart=11.18 base_fallStartY=166.77 sim_fallStartY=166.77 base_lastPortalPos=(0.00,0.00) sim_lastPortalPos=(0.00,0.00) portalY=0.00
[sim-tick] runPlan iter=0 pos=(88.3,163.6) yVel=-3.076 xVel?=0.000 isOnGround=0 isUD=0 gMod=1.00 speed=0.900
[sim-tick] runPlan iter=30 pos=(127.2,120.2) yVel=-9.556 xVel?=1.298 isOnGround=0 isUD=0 gMod=1.00 speed=0.900
[sim-tick] runPlan iter=60 pos=(166.2,150.6) yVel=6.428 xVel?=1.298 isOnGround=0 isUD=0 gMod=1.00 speed=0.900
[sim-tick] runPlan iter=90 pos=(205.1,171.4) yVel=-0.052 xVel?=1.298 isOnGround=0 isUD=0 gMod=1.00 speed=0.900
[sim-tick] runPlan iter=120 pos=(244.1,148.4) yVel=-6.532 xVel?=1.298 isOnGround=0 isUD=0 gMod=1.00 speed=0.900
[sim-tick] runPlan iter=150 pos=(283.0,123.8) yVel=9.668 xVel?=1.298 isOnGround=0 isUD=0 gMod=1.00 speed=0.900
[sim-tick] runPlan iter=180 pos=(322.0,166.4) yVel=3.188 xVel?=1.298 isOnGround=0 isUD=0 gMod=1.00 speed=0.900
[sim-tick] runPlan iter=210 pos=(360.9,165.3) yVel=-3.292 xVel?=1.298 isOnGround=0 isUD=0 gMod=1.00 speed=0.900
[run-init] base getPos=(86.98,164.26) m_position=(85.68,164.90) simAfterSet getPos=(86.98,164.26) m_position=(85.68,164.90) isOnGround=0/0/1/0 baseLGO=0x0 simLGO=0x0 baseColl=0x0 simColl=0x0 baseYV=-2.860 simYV=-2.860 base_lastGroundedPos=(2.60,105.00) sim_lastGroundedPos=(2.60,105.00) base_lastPos=(85.68,164.90) sim_lastPos=(85.68,164.90) base_yStart=11.18 sim_yStart=11.18 base_fallStartY=166.77 sim_fallStartY=166.77 base_lastPortalPos=(0.00,0.00) sim_lastPortalPos=(0.00,0.00) portalY=0.00
[sim-tick] runPlan iter=0 pos=(88.3,163.6) yVel=-3.076 xVel?=0.000 isOnGround=0 isUD=0 gMod=1.00 speed=0.900
[sim-tick] runPlan iter=30 pos=(127.2,120.2) yVel=-9.556 xVel?=1.298 isOnGround=0 isUD=0 gMod=1.00 speed=0.900
[sim-tick] runPlan iter=60 pos=(166.2,150.6) yVel=6.428 xVel?=1.298 isOnGround=0 isUD=0 gMod=1.00 speed=0.900
[sim-tick] runPlan iter=90 pos=(205.1,171.4) yVel=-0.052 xVel?=1.298 isOnGround=0 isUD=0 gMod=1.00 speed=0.900
[sim-tick] runPlan iter=120 pos=(244.1,148.4) yVel=-6.532 xVel?=1.298 isOnGround=0 isUD=0 gMod=1.00 speed=0.900
[sim-tick] runPlan iter=150 pos=(283.0,123.8) yVel=9.668 xVel?=1.298 isOnGround=0 isUD=0 gMod=1.00 speed=0.900
[sim-tick] runPlan iter=180 pos=(322.0,166.4) yVel=3.188 xVel?=1.298 isOnGround=0 isUD=0 gMod=1.00 speed=0.900
[sim-tick] runPlan iter=210 pos=(360.9,165.3) yVel=-3.292 xVel?=1.298 isOnGround=0 isUD=0 gMod=1.00 speed=0.900
[run-init] base getPos=(86.98,164.26) m_position=(85.68,164.90) simAfterSet getPos=(86.98,164.26) m_position=(85.68,164.90) isOnGround=0/0/1/0 baseLGO=0x0 simLGO=0x0 baseColl=0x0 simColl=0x0 baseYV=-2.860 simYV=-2.860 base_lastGroundedPos=(2.60,105.00) sim_lastGroundedPos=(2.60,105.00) base_lastPos=(85.68,164.90) sim_lastPos=(85.68,164.90) base_yStart=11.18 sim_yStart=11.18 base_fallStartY=166.77 sim_fallStartY=166.77 base_lastPortalPos=(0.00,0.00) sim_lastPortalPos=(0.00,0.00) portalY=0.00
[sim-tick] runPlan iter=0 pos=(88.3,163.6) yVel=-3.076 xVel?=0.000 isOnGround=0 isUD=0 gMod=1.00 speed=0.900
[sim-tick] runPlan iter=30 pos=(127.2,120.2) yVel=-9.556 xVel?=1.298 isOnGround=0 isUD=0 gMod=1.00 speed=0.900
[sim-tick] runPlan iter=60 pos=(166.2,107.5) yVel=10.964 xVel?=1.298 isOnGround=0 isUD=0 gMod=1.00 speed=0.900
[sim-tick] runPlan iter=90 pos=(205.1,158.9) yVel=4.484 xVel?=1.298 isOnGround=0 isUD=0 gMod=1.00 speed=0.900
[sim-tick] runPlan iter=120 pos=(244.1,166.5) yVel=-1.996 xVel?=1.298 isOnGround=0 isUD=0 gMod=1.00 speed=0.900
[sim-tick] runPlan iter=150 pos=(283.0,130.5) yVel=-8.476 xVel?=1.298 isOnGround=0 isUD=0 gMod=1.00 speed=0.900
[run-init] base getPos=(86.98,164.26) m_position=(85.68,164.90) simAfterSet getPos=(86.98,164.26) m_position=(85.68,164.90) isOnGround=0/0/1/0 baseLGO=0x0 simLGO=0x0 baseColl=0x0 simColl=0x0 baseYV=-2.860 simYV=-2.860 base_lastGroundedPos=(2.60,105.00) sim_lastGroundedPos=(2.60,105.00) base_lastPos=(85.68,164.90) sim_lastPos=(85.68,164.90) base_yStart=11.18 sim_yStart=11.18 base_fallStartY=166.77 sim_fallStartY=166.77 base_lastPortalPos=(0.00,0.00) sim_lastPortalPos=(0.00,0.00) portalY=0.00
[sim-tick] runPlan iter=0 pos=(88.3,163.6) yVel=-3.076 xVel?=0.000 isOnGround=0 isUD=0 gMod=1.00 speed=0.900
[sim-tick] runPlan iter=30 pos=(127.2,120.2) yVel=-9.556 xVel?=1.298 isOnGround=0 isUD=0 gMod=1.00 speed=0.900
[sim-tick] runPlan iter=60 pos=(166.2,150.6) yVel=6.428 xVel?=1.298 isOnGround=0 isUD=0 gMod=1.00 speed=0.900
[sim-tick] runPlan iter=90 pos=(205.1,171.4) yVel=-0.052 xVel?=1.298 isOnGround=0 isUD=0 gMod=1.00 speed=0.900
[sim-tick] runPlan iter=120 pos=(244.1,148.4) yVel=-6.532 xVel?=1.298 isOnGround=0 isUD=0 gMod=1.00 speed=0.900
[sim-tick] runPlan iter=150 pos=(283.0,123.8) yVel=9.668 xVel?=1.298 isOnGround=0 isUD=0 gMod=1.00 speed=0.900
[sim-tick] runPlan iter=180 pos=(322.0,166.4) yVel=3.188 xVel?=1.298 isOnGround=0 isUD=0 gMod=1.00 speed=0.900
[sim-tick] runPlan iter=210 pos=(360.9,165.3) yVel=-3.292 xVel?=1.298 isOnGround=0 isUD=0 gMod=1.00 speed=0.900
[run-init] base getPos=(94.77,159.38) m_position=(93.47,160.31) simAfterSet getPos=(94.77,159.38) m_position=(93.47,160.31) isOnGround=0/0/1/0 baseLGO=0x0 simLGO=0x0 baseColl=0x0 simColl=0x0 baseYV=-4.156 simYV=-4.156 base_lastGroundedPos=(2.60,105.00) sim_lastGroundedPos=(2.60,105.00) base_lastPos=(93.47,160.31) sim_lastPos=(93.47,160.31) base_yStart=11.18 sim_yStart=11.18 base_fallStartY=166.77 sim_fallStartY=166.77 base_lastPortalPos=(0.00,0.00) sim_lastPortalPos=(0.00,0.00) portalY=0.00
[sim-tick] runPlan iter=0 pos=(96.1,158.4) yVel=-4.372 xVel?=0.000 isOnGround=0 isUD=0 gMod=1.00 speed=0.900
[sim-tick] runPlan iter=30 pos=(135.0,106.3) yVel=-10.852 xVel?=1.298 isOnGround=0 isUD=0 gMod=1.00 speed=0.900
[sim-tick] runPlan iter=60 pos=(174.0,105.0) yVel=-0.216 xVel?=1.298 isOnGround=0 isUD=0 gMod=1.00 speed=0.900
[sim-tick] runPlan iter=90 pos=(212.9,105.0) yVel=-0.216 xVel?=1.298 isOnGround=0 isUD=0 gMod=1.00 speed=0.900
[sim-tick] runPlan iter=120 pos=(251.9,105.0) yVel=-0.216 xVel?=1.298 isOnGround=0 isUD=0 gMod=1.00 speed=0.900
[sim-tick] runPlan iter=150 pos=(290.8,105.0) yVel=-0.216 xVel?=1.298 isOnGround=0 isUD=0 gMod=1.00 speed=0.900
[run-init] base getPos=(94.77,159.38) m_position=(93.47,160.31) simAfterSet getPos=(94.77,159.38) m_position=(93.47,160.31) isOnGround=0/0/1/0 baseLGO=0x0 simLGO=0x0 baseColl=0x0 simColl=0x0 baseYV=-4.156 simYV=-4.156 base_lastGroundedPos=(2.60,105.00) sim_lastGroundedPos=(2.60,105.00) base_lastPos=(93.47,160.31) sim_lastPos=(93.47,160.31) base_yStart=11.18 sim_yStart=11.18 base_fallStartY=166.77 sim_fallStartY=166.77 base_lastPortalPos=(0.00,0.00) sim_lastPortalPos=(0.00,0.00) portalY=0.00
[sim-tick] runPlan iter=0 pos=(96.1,158.4) yVel=-4.372 xVel?=0.000 isOnGround=0 isUD=0 gMod=1.00 speed=0.900
[sim-tick] runPlan iter=30 pos=(135.0,106.3) yVel=-10.852 xVel?=1.298 isOnGround=0 isUD=0 gMod=1.00 speed=0.900
[sim-tick] runPlan iter=60 pos=(174.0,145.1) yVel=6.860 xVel?=1.298 isOnGround=0 isUD=0 gMod=1.00 speed=0.900
[sim-tick] runPlan iter=90 pos=(212.9,168.8) yVel=0.380 xVel?=1.298 isOnGround=0 isUD=0 gMod=1.00 speed=0.900
[sim-tick] runPlan iter=120 pos=(251.9,148.8) yVel=-6.100 xVel?=1.298 isOnGround=0 isUD=0 gMod=1.00 speed=0.900
[sim-tick] runPlan iter=150 pos=(290.8,105.0) yVel=-0.216 xVel?=1.298 isOnGround=0 isUD=0 gMod=1.00 speed=0.900
[run-init] base getPos=(94.77,159.38) m_position=(93.47,160.31) simAfterSet getPos=(94.77,159.38) m_position=(93.47,160.31) isOnGround=0/0/1/0 baseLGO=0x0 simLGO=0x0 baseColl=0x0 simColl=0x0 baseYV=-4.156 simYV=-4.156 base_lastGroundedPos=(2.60,105.00) sim_lastGroundedPos=(2.60,105.00) base_lastPos=(93.47,160.31) sim_lastPos=(93.47,160.31) base_yStart=11.18 sim_yStart=11.18 base_fallStartY=166.77 sim_fallStartY=166.77 base_lastPortalPos=(0.00,0.00) sim_lastPortalPos=(0.00,0.00) portalY=0.00
[sim-tick] runPlan iter=0 pos=(96.1,158.4) yVel=-4.372 xVel?=0.000 isOnGround=0 isUD=0 gMod=1.00 speed=0.900
[sim-tick] runPlan iter=30 pos=(135.0,106.3) yVel=-10.852 xVel?=1.298 isOnGround=0 isUD=0 gMod=1.00 speed=0.900
[sim-tick] runPlan iter=60 pos=(174.0,105.0) yVel=-0.216 xVel?=1.298 isOnGround=0 isUD=0 gMod=1.00 speed=0.900
[sim-tick] runPlan iter=90 pos=(212.9,105.0) yVel=-0.216 xVel?=1.298 isOnGround=0 isUD=0 gMod=1.00 speed=0.900
[sim-tick] runPlan iter=120 pos=(251.9,105.0) yVel=-0.216 xVel?=1.298 isOnGround=0 isUD=0 gMod=1.00 speed=0.900
[sim-tick] runPlan iter=150 pos=(290.8,105.0) yVel=-0.216 xVel?=1.298 isOnGround=0 isUD=0 gMod=1.00 speed=0.900
[run-init] base getPos=(94.77,159.38) m_position=(93.47,160.31) simAfterSet getPos=(94.77,159.38) m_position=(93.47,160.31) isOnGround=0/0/1/0 baseLGO=0x0 simLGO=0x0 baseColl=0x0 simColl=0x0 baseYV=-4.156 simYV=-4.156 base_lastGroundedPos=(2.60,105.00) sim_lastGroundedPos=(2.60,105.00) base_lastPos=(93.47,160.31) sim_lastPos=(93.47,160.31) base_yStart=11.18 sim_yStart=11.18 base_fallStartY=166.77 sim_fallStartY=166.77 base_lastPortalPos=(0.00,0.00) sim_lastPortalPos=(0.00,0.00) portalY=0.00
[sim-tick] runPlan iter=0 pos=(96.1,158.4) yVel=-4.372 xVel?=0.000 isOnGround=0 isUD=0 gMod=1.00 speed=0.900
[sim-tick] runPlan iter=30 pos=(135.0,106.3) yVel=-10.852 xVel?=1.298 isOnGround=0 isUD=0 gMod=1.00 speed=0.900
[sim-tick] runPlan iter=60 pos=(174.0,158.2) yVel=5.132 xVel?=1.298 isOnGround=0 isUD=0 gMod=1.00 speed=0.900
[sim-tick] runPlan iter=90 pos=(212.9,170.3) yVel=-1.348 xVel?=1.298 isOnGround=0 isUD=0 gMod=1.00 speed=0.900
[sim-tick] runPlan iter=120 pos=(251.9,138.6) yVel=-7.828 xVel?=1.298 isOnGround=0 isUD=0 gMod=1.00 speed=0.900
[sim-tick] runPlan iter=150 pos=(290.8,135.8) yVel=8.372 xVel?=1.298 isOnGround=0 isUD=0 gMod=1.00 speed=0.900
[sim-tick] runPlan iter=180 pos=(329.8,169.7) yVel=1.892 xVel?=1.298 isOnGround=0 isUD=0 gMod=1.00 speed=0.900
[sim-tick] runPlan iter=210 pos=(368.7,159.9) yVel=-4.588 xVel?=1.298 isOnGround=0 isUD=0 gMod=1.00 speed=0.900
[run-init] base getPos=(94.77,159.38) m_position=(93.47,160.31) simAfterSet getPos=(94.77,159.38) m_position=(93.47,160.31) isOnGround=0/0/1/0 baseLGO=0x0 simLGO=0x0 baseColl=0x0 simColl=0x0 baseYV=-4.156 simYV=-4.156 base_lastGroundedPos=(2.60,105.00) sim_lastGroundedPos=(2.60,105.00) base_lastPos=(93.47,160.31) sim_lastPos=(93.47,160.31) base_yStart=11.18 sim_yStart=11.18 base_fallStartY=166.77 sim_fallStartY=166.77 base_lastPortalPos=(0.00,0.00) sim_lastPortalPos=(0.00,0.00) portalY=0.00
[sim-tick] runPlan iter=0 pos=(96.1,158.4) yVel=-4.372 xVel?=0.000 isOnGround=0 isUD=0 gMod=1.00 speed=0.900
[sim-tick] runPlan iter=30 pos=(135.0,106.3) yVel=-10.852 xVel?=1.298 isOnGround=0 isUD=0 gMod=1.00 speed=0.900
[sim-tick] runPlan iter=60 pos=(174.0,158.2) yVel=5.132 xVel?=1.298 isOnGround=0 isUD=0 gMod=1.00 speed=0.900
[sim-tick] runPlan iter=90 pos=(212.9,170.3) yVel=-1.348 xVel?=1.298 isOnGround=0 isUD=0 gMod=1.00 speed=0.900
[sim-tick] runPlan iter=120 pos=(251.9,138.6) yVel=-7.828 xVel?=1.298 isOnGround=0 isUD=0 gMod=1.00 speed=0.900
[sim-tick] runPlan iter=150 pos=(290.8,135.8) yVel=8.372 xVel?=1.298 isOnGround=0 isUD=0 gMod=1.00 speed=0.900
[sim-tick] runPlan iter=180 pos=(329.8,169.7) yVel=1.892 xVel?=1.298 isOnGround=0 isUD=0 gMod=1.00 speed=0.900
[sim-tick] runPlan iter=210 pos=(368.7,159.9) yVel=-4.588 xVel?=1.298 isOnGround=0 isUD=0 gMod=1.00 speed=0.900
[run-init] base getPos=(94.77,159.38) m_position=(93.47,160.31) simAfterSet getPos=(94.77,159.38) m_position=(93.47,160.31) isOnGround=0/0/1/0 baseLGO=0x0 simLGO=0x0 baseColl=0x0 simColl=0x0 baseYV=-4.156 simYV=-4.156 base_lastGroundedPos=(2.60,105.00) sim_lastGroundedPos=(2.60,105.00) base_lastPos=(93.47,160.31) sim_lastPos=(93.47,160.31) base_yStart=11.18 sim_yStart=11.18 base_fallStartY=166.77 sim_fallStartY=166.77 base_lastPortalPos=(0.00,0.00) sim_lastPortalPos=(0.00,0.00) portalY=0.00
[sim-tick] runPlan iter=0 pos=(96.1,158.4) yVel=-4.372 xVel?=0.000 isOnGround=0 isUD=0 gMod=1.00 speed=0.900
[sim-tick] runPlan iter=30 pos=(135.0,106.3) yVel=-10.852 xVel?=1.298 isOnGround=0 isUD=0 gMod=1.00 speed=0.900
[sim-tick] runPlan iter=60 pos=(174.0,107.5) yVel=10.964 xVel?=1.298 isOnGround=0 isUD=0 gMod=1.00 speed=0.900
[sim-tick] runPlan iter=90 pos=(212.9,158.9) yVel=4.484 xVel?=1.298 isOnGround=0 isUD=0 gMod=1.00 speed=0.900
[sim-tick] runPlan iter=120 pos=(251.9,166.5) yVel=-1.996 xVel?=1.298 isOnGround=0 isUD=0 gMod=1.00 speed=0.900
[sim-tick] runPlan iter=150 pos=(290.8,130.5) yVel=-8.476 xVel?=1.298 isOnGround=0 isUD=0 gMod=1.00 speed=0.900
[run-init] base getPos=(94.77,159.38) m_position=(93.47,160.31) simAfterSet getPos=(94.77,159.38) m_position=(93.47,160.31) isOnGround=0/0/1/0 baseLGO=0x0 simLGO=0x0 baseColl=0x0 simColl=0x0 baseYV=-4.156 simYV=-4.156 base_lastGroundedPos=(2.60,105.00) sim_lastGroundedPos=(2.60,105.00) base_lastPos=(93.47,160.31) sim_lastPos=(93.47,160.31) base_yStart=11.18 sim_yStart=11.18 base_fallStartY=166.77 sim_fallStartY=166.77 base_lastPortalPos=(0.00,0.00) sim_lastPortalPos=(0.00,0.00) portalY=0.00
[sim-tick] runPlan iter=0 pos=(96.1,158.4) yVel=-4.372 xVel?=0.000 isOnGround=0 isUD=0 gMod=1.00 speed=0.900
[sim-tick] runPlan iter=30 pos=(135.0,106.3) yVel=-10.852 xVel?=1.298 isOnGround=0 isUD=0 gMod=1.00 speed=0.900
[sim-tick] runPlan iter=60 pos=(174.0,158.2) yVel=5.132 xVel?=1.298 isOnGround=0 isUD=0 gMod=1.00 speed=0.900
[sim-tick] runPlan iter=90 pos=(212.9,170.3) yVel=-1.348 xVel?=1.298 isOnGround=0 isUD=0 gMod=1.00 speed=0.900
[sim-tick] runPlan iter=120 pos=(251.9,138.6) yVel=-7.828 xVel?=1.298 isOnGround=0 isUD=0 gMod=1.00 speed=0.900
[sim-tick] runPlan iter=150 pos=(290.8,135.8) yVel=8.372 xVel?=1.298 isOnGround=0 isUD=0 gMod=1.00 speed=0.900
[sim-tick] runPlan iter=180 pos=(329.8,169.7) yVel=1.892 xVel?=1.298 isOnGround=0 isUD=0 gMod=1.00 speed=0.900
[sim-tick] runPlan iter=210 pos=(368.7,159.9) yVel=-4.588 xVel?=1.298 isOnGround=0 isUD=0 gMod=1.00 speed=0.900
[run-init] base getPos=(102.56,152.75) m_position=(101.26,153.97) simAfterSet getPos=(102.56,152.75) m_position=(101.26,153.97) isOnGround=0/0/1/0 baseLGO=0x0 simLGO=0x0 baseColl=0x0 simColl=0x0 baseYV=-5.452 simYV=-5.452 base_lastGroundedPos=(2.60,105.00) sim_lastGroundedPos=(2.60,105.00) base_lastPos=(101.26,153.97) sim_lastPos=(101.26,153.97) base_yStart=11.18 sim_yStart=11.18 base_fallStartY=166.77 sim_fallStartY=166.77 base_lastPortalPos=(0.00,0.00) sim_lastPortalPos=(0.00,0.00) portalY=0.00
[sim-tick] runPlan iter=0 pos=(103.9,151.5) yVel=-5.668 xVel?=0.000 isOnGround=0 isUD=0 gMod=1.00 speed=0.900
[sim-tick] runPlan iter=30 pos=(142.8,105.0) yVel=-0.216 xVel?=1.298 isOnGround=0 isUD=0 gMod=1.00 speed=0.900
[sim-tick] runPlan iter=60 pos=(181.8,105.0) yVel=-0.216 xVel?=1.298 isOnGround=0 isUD=0 gMod=1.00 speed=0.900
[sim-tick] runPlan iter=90 pos=(220.7,105.0) yVel=-0.216 xVel?=1.298 isOnGround=0 isUD=0 gMod=1.00 speed=0.900
[sim-tick] runPlan iter=120 pos=(259.6,105.0) yVel=-0.216 xVel?=1.298 isOnGround=0 isUD=0 gMod=1.00 speed=0.900
[sim-tick] runPlan iter=150 pos=(298.6,105.0) yVel=-0.216 xVel?=1.298 isOnGround=0 isUD=0 gMod=1.00 speed=0.900
[run-init] base getPos=(102.56,152.75) m_position=(101.26,153.97) simAfterSet getPos=(102.56,152.75) m_position=(101.26,153.97) isOnGround=0/0/1/0 baseLGO=0x0 simLGO=0x0 baseColl=0x0 simColl=0x0 baseYV=-5.452 simYV=-5.452 base_lastGroundedPos=(2.60,105.00) sim_lastGroundedPos=(2.60,105.00) base_lastPos=(101.26,153.97) sim_lastPos=(101.26,153.97) base_yStart=11.18 sim_yStart=11.18 base_fallStartY=166.77 sim_fallStartY=166.77 base_lastPortalPos=(0.00,0.00) sim_lastPortalPos=(0.00,0.00) portalY=0.00
[sim-tick] runPlan iter=0 pos=(103.9,151.5) yVel=-5.668 xVel?=0.000 isOnGround=0 isUD=0 gMod=1.00 speed=0.900
[sim-tick] runPlan iter=30 pos=(142.8,117.1) yVel=10.316 xVel?=1.298 isOnGround=0 isUD=0 gMod=1.00 speed=0.900
[sim-tick] runPlan iter=60 pos=(181.8,164.1) yVel=3.836 xVel?=1.298 isOnGround=0 isUD=0 gMod=1.00 speed=0.900
[sim-tick] runPlan iter=90 pos=(220.7,167.4) yVel=-2.644 xVel?=1.298 isOnGround=0 isUD=0 gMod=1.00 speed=0.900
[sim-tick] runPlan iter=120 pos=(259.6,127.0) yVel=-9.124 xVel?=1.298 isOnGround=0 isUD=0 gMod=1.00 speed=0.900
[sim-tick] runPlan iter=150 pos=(298.6,105.0) yVel=-0.216 xVel?=1.298 isOnGround=0 isUD=0 gMod=1.00 speed=0.900
[run-init] base getPos=(102.56,152.75) m_position=(101.26,153.97) simAfterSet getPos=(102.56,152.75) m_position=(101.26,153.97) isOnGround=0/0/1/0 baseLGO=0x0 simLGO=0x0 baseColl=0x0 simColl=0x0 baseYV=-5.452 simYV=-5.452 base_lastGroundedPos=(2.60,105.00) sim_lastGroundedPos=(2.60,105.00) base_lastPos=(101.26,153.97) sim_lastPos=(101.26,153.97) base_yStart=11.18 sim_yStart=11.18 base_fallStartY=166.77 sim_fallStartY=166.77 base_lastPortalPos=(0.00,0.00) sim_lastPortalPos=(0.00,0.00) portalY=0.00
[sim-tick] runPlan iter=0 pos=(103.9,151.5) yVel=-5.668 xVel?=0.000 isOnGround=0 isUD=0 gMod=1.00 speed=0.900
[sim-tick] runPlan iter=30 pos=(142.8,105.0) yVel=-0.216 xVel?=1.298 isOnGround=0 isUD=0 gMod=1.00 speed=0.900
[sim-tick] runPlan iter=60 pos=(181.8,105.0) yVel=-0.216 xVel?=1.298 isOnGround=0 isUD=0 gMod=1.00 speed=0.900
[sim-tick] runPlan iter=90 pos=(220.7,105.0) yVel=-0.216 xVel?=1.298 isOnGround=0 isUD=0 gMod=1.00 speed=0.900
[sim-tick] runPlan iter=120 pos=(259.6,105.0) yVel=-0.216 xVel?=1.298 isOnGround=0 isUD=0 gMod=1.00 speed=0.900
[sim-tick] runPlan iter=150 pos=(298.6,105.0) yVel=-0.216 xVel?=1.298 isOnGround=0 isUD=0 gMod=1.00 speed=0.900
[run-init] base getPos=(102.56,152.75) m_position=(101.26,153.97) simAfterSet getPos=(102.56,152.75) m_position=(101.26,153.97) isOnGround=0/0/1/0 baseLGO=0x0 simLGO=0x0 baseColl=0x0 simColl=0x0 baseYV=-5.452 simYV=-5.452 base_lastGroundedPos=(2.60,105.00) sim_lastGroundedPos=(2.60,105.00) base_lastPos=(101.26,153.97) sim_lastPos=(101.26,153.97) base_yStart=11.18 sim_yStart=11.18 base_fallStartY=166.77 sim_fallStartY=166.77 base_lastPortalPos=(0.00,0.00) sim_lastPortalPos=(0.00,0.00) portalY=0.00
[sim-tick] runPlan iter=0 pos=(103.9,151.5) yVel=-5.668 xVel?=0.000 isOnGround=0 isUD=0 gMod=1.00 speed=0.900
[sim-tick] runPlan iter=30 pos=(142.8,117.1) yVel=10.316 xVel?=1.298 isOnGround=0 isUD=0 gMod=1.00 speed=0.900
[sim-tick] runPlan iter=60 pos=(181.8,164.1) yVel=3.836 xVel?=1.298 isOnGround=0 isUD=0 gMod=1.00 speed=0.900
[sim-tick] runPlan iter=90 pos=(220.7,167.4) yVel=-2.644 xVel?=1.298 isOnGround=0 isUD=0 gMod=1.00 speed=0.900
[sim-tick] runPlan iter=120 pos=(259.6,127.0) yVel=-9.124 xVel?=1.298 isOnGround=0 isUD=0 gMod=1.00 speed=0.900
[sim-tick] runPlan iter=150 pos=(298.6,146.1) yVel=7.076 xVel?=1.298 isOnGround=0 isUD=0 gMod=1.00 speed=0.900
[sim-tick] runPlan iter=180 pos=(337.5,171.2) yVel=0.596 xVel?=1.298 isOnGround=0 isUD=0 gMod=1.00 speed=0.900
[sim-tick] runPlan iter=210 pos=(376.5,152.7) yVel=-5.884 xVel?=1.298 isOnGround=0 isUD=0 gMod=1.00 speed=0.900
[run-init] base getPos=(102.56,152.75) m_position=(101.26,153.97) simAfterSet getPos=(102.56,152.75) m_position=(101.26,153.97) isOnGround=0/0/1/0 baseLGO=0x0 simLGO=0x0 baseColl=0x0 simColl=0x0 baseYV=-5.452 simYV=-5.452 base_lastGroundedPos=(2.60,105.00) sim_lastGroundedPos=(2.60,105.00) base_lastPos=(101.26,153.97) sim_lastPos=(101.26,153.97) base_yStart=11.18 sim_yStart=11.18 base_fallStartY=166.77 sim_fallStartY=166.77 base_lastPortalPos=(0.00,0.00) sim_lastPortalPos=(0.00,0.00) portalY=0.00
[sim-tick] runPlan iter=0 pos=(103.9,151.5) yVel=-5.668 xVel?=0.000 isOnGround=0 isUD=0 gMod=1.00 speed=0.900
[sim-tick] runPlan iter=30 pos=(142.8,117.1) yVel=10.316 xVel?=1.298 isOnGround=0 isUD=0 gMod=1.00 speed=0.900
[sim-tick] runPlan iter=60 pos=(181.8,164.1) yVel=3.836 xVel?=1.298 isOnGround=0 isUD=0 gMod=1.00 speed=0.900
[sim-tick] runPlan iter=90 pos=(220.7,167.4) yVel=-2.644 xVel?=1.298 isOnGround=0 isUD=0 gMod=1.00 speed=0.900
[sim-tick] runPlan iter=120 pos=(259.6,127.0) yVel=-9.124 xVel?=1.298 isOnGround=0 isUD=0 gMod=1.00 speed=0.900
[sim-tick] runPlan iter=150 pos=(298.6,146.1) yVel=7.076 xVel?=1.298 isOnGround=0 isUD=0 gMod=1.00 speed=0.900
[sim-tick] runPlan iter=180 pos=(337.5,171.2) yVel=0.596 xVel?=1.298 isOnGround=0 isUD=0 gMod=1.00 speed=0.900
[sim-tick] runPlan iter=210 pos=(376.5,152.7) yVel=-5.884 xVel?=1.298 isOnGround=0 isUD=0 gMod=1.00 speed=0.900
[run-init] base getPos=(102.56,152.75) m_position=(101.26,153.97) simAfterSet getPos=(102.56,152.75) m_position=(101.26,153.97) isOnGround=0/0/1/0 baseLGO=0x0 simLGO=0x0 baseColl=0x0 simColl=0x0 baseYV=-5.452 simYV=-5.452 base_lastGroundedPos=(2.60,105.00) sim_lastGroundedPos=(2.60,105.00) base_lastPos=(101.26,153.97) sim_lastPos=(101.26,153.97) base_yStart=11.18 sim_yStart=11.18 base_fallStartY=166.77 sim_fallStartY=166.77 base_lastPortalPos=(0.00,0.00) sim_lastPortalPos=(0.00,0.00) portalY=0.00
[sim-tick] runPlan iter=0 pos=(103.9,151.5) yVel=-5.668 xVel?=0.000 isOnGround=0 isUD=0 gMod=1.00 speed=0.900
[sim-tick] runPlan iter=30 pos=(142.8,105.0) yVel=-0.216 xVel?=1.298 isOnGround=0 isUD=0 gMod=1.00 speed=0.900
[sim-tick] runPlan iter=60 pos=(181.8,107.5) yVel=10.964 xVel?=1.298 isOnGround=0 isUD=0 gMod=1.00 speed=0.900
[sim-tick] runPlan iter=90 pos=(220.7,158.9) yVel=4.484 xVel?=1.298 isOnGround=0 isUD=0 gMod=1.00 speed=0.900
[sim-tick] runPlan iter=120 pos=(259.6,166.5) yVel=-1.996 xVel?=1.298 isOnGround=0 isUD=0 gMod=1.00 speed=0.900
[sim-tick] runPlan iter=150 pos=(298.6,130.5) yVel=-8.476 xVel?=1.298 isOnGround=0 isUD=0 gMod=1.00 speed=0.900
[run-init] base getPos=(102.56,152.75) m_position=(101.26,153.97) simAfterSet getPos=(102.56,152.75) m_position=(101.26,153.97) isOnGround=0/0/1/0 baseLGO=0x0 simLGO=0x0 baseColl=0x0 simColl=0x0 baseYV=-5.452 simYV=-5.452 base_lastGroundedPos=(2.60,105.00) sim_lastGroundedPos=(2.60,105.00) base_lastPos=(101.26,153.97) sim_lastPos=(101.26,153.97) base_yStart=11.18 sim_yStart=11.18 base_fallStartY=166.77 sim_fallStartY=166.77 base_lastPortalPos=(0.00,0.00) sim_lastPortalPos=(0.00,0.00) portalY=0.00
[sim-tick] runPlan iter=0 pos=(103.9,151.5) yVel=-5.668 xVel?=0.000 isOnGround=0 isUD=0 gMod=1.00 speed=0.900
[sim-tick] runPlan iter=30 pos=(142.8,117.1) yVel=10.316 xVel?=1.298 isOnGround=0 isUD=0 gMod=1.00 speed=0.900
[sim-tick] runPlan iter=60 pos=(181.8,164.1) yVel=3.836 xVel?=1.298 isOnGround=0 isUD=0 gMod=1.00 speed=0.900
[sim-tick] runPlan iter=90 pos=(220.7,167.4) yVel=-2.644 xVel?=1.298 isOnGround=0 isUD=0 gMod=1.00 speed=0.900
[sim-tick] runPlan iter=120 pos=(259.6,127.0) yVel=-9.124 xVel?=1.298 isOnGround=0 isUD=0 gMod=1.00 speed=0.900
[sim-tick] runPlan iter=150 pos=(298.6,146.1) yVel=7.076 xVel?=1.298 isOnGround=0 isUD=0 gMod=1.00 speed=0.900
[sim-tick] runPlan iter=180 pos=(337.5,171.2) yVel=0.596 xVel?=1.298 isOnGround=0 isUD=0 gMod=1.00 speed=0.900
[sim-tick] runPlan iter=210 pos=(376.5,152.7) yVel=-5.884 xVel?=1.298 isOnGround=0 isUD=0 gMod=1.00 speed=0.900
[run-init] base getPos=(110.35,144.37) m_position=(109.05,145.89) simAfterSet getPos=(110.35,144.37) m_position=(109.05,145.89) isOnGround=0/0/1/0 baseLGO=0x0 simLGO=0x0 baseColl=0x0 simColl=0x0 baseYV=-6.748 simYV=-6.748 base_lastGroundedPos=(2.60,105.00) sim_lastGroundedPos=(2.60,105.00) base_lastPos=(109.05,145.89) sim_lastPos=(109.05,145.89) base_yStart=11.18 sim_yStart=11.18 base_fallStartY=166.77 sim_fallStartY=166.77 base_lastPortalPos=(0.00,0.00) sim_lastPortalPos=(0.00,0.00) portalY=0.00
[sim-tick] runPlan iter=0 pos=(111.6,142.8) yVel=-6.964 xVel?=0.000 isOnGround=0 isUD=0 gMod=1.00 speed=0.900
[sim-tick] runPlan iter=30 pos=(150.6,105.0) yVel=-0.216 xVel?=1.298 isOnGround=0 isUD=0 gMod=1.00 speed=0.900
[sim-tick] runPlan iter=60 pos=(189.5,105.0) yVel=-0.216 xVel?=1.298 isOnGround=0 isUD=0 gMod=1.00 speed=0.900
[sim-tick] runPlan iter=90 pos=(228.5,105.0) yVel=-0.216 xVel?=1.298 isOnGround=0 isUD=0 gMod=1.00 speed=0.900
[sim-tick] runPlan iter=120 pos=(267.4,105.0) yVel=-0.216 xVel?=1.298 isOnGround=0 isUD=0 gMod=1.00 speed=0.900
[run-init] base getPos=(110.35,144.37) m_position=(109.05,145.89) simAfterSet getPos=(110.35,144.37) m_position=(109.05,145.89) isOnGround=0/0/1/0 baseLGO=0x0 simLGO=0x0 baseColl=0x0 simColl=0x0 baseYV=-6.748 simYV=-6.748 base_lastGroundedPos=(2.60,105.00) sim_lastGroundedPos=(2.60,105.00) base_lastPos=(109.05,145.89) sim_lastPos=(109.05,145.89) base_yStart=11.18 sim_yStart=11.18 base_fallStartY=166.77 sim_fallStartY=166.77 base_lastPortalPos=(0.00,0.00) sim_lastPortalPos=(0.00,0.00) portalY=0.00
[sim-tick] runPlan iter=0 pos=(111.6,142.8) yVel=-6.964 xVel?=0.000 isOnGround=0 isUD=0 gMod=1.00 speed=0.900
[sim-tick] runPlan iter=30 pos=(150.6,127.5) yVel=9.020 xVel?=1.298 isOnGround=0 isUD=0 gMod=1.00 speed=0.900
[sim-tick] runPlan iter=60 pos=(189.5,165.8) yVel=2.540 xVel?=1.298 isOnGround=0 isUD=0 gMod=1.00 speed=0.900
[sim-tick] runPlan iter=90 pos=(228.5,160.3) yVel=-3.940 xVel?=1.298 isOnGround=0 isUD=0 gMod=1.00 speed=0.900
[sim-tick] runPlan iter=120 pos=(267.4,111.1) yVel=-10.420 xVel?=1.298 isOnGround=0 isUD=0 gMod=1.00 speed=0.900
[run-init] base getPos=(110.35,144.37) m_position=(109.05,145.89) simAfterSet getPos=(110.35,144.37) m_position=(109.05,145.89) isOnGround=0/0/1/0 baseLGO=0x0 simLGO=0x0 baseColl=0x0 simColl=0x0 baseYV=-6.748 simYV=-6.748 base_lastGroundedPos=(2.60,105.00) sim_lastGroundedPos=(2.60,105.00) base_lastPos=(109.05,145.89) sim_lastPos=(109.05,145.89) base_yStart=11.18 sim_yStart=11.18 base_fallStartY=166.77 sim_fallStartY=166.77 base_lastPortalPos=(0.00,0.00) sim_lastPortalPos=(0.00,0.00) portalY=0.00
[sim-tick] runPlan iter=0 pos=(111.6,142.8) yVel=-6.964 xVel?=0.000 isOnGround=0 isUD=0 gMod=1.00 speed=0.900
[sim-tick] runPlan iter=30 pos=(150.6,105.0) yVel=-0.216 xVel?=1.298 isOnGround=0 isUD=0 gMod=1.00 speed=0.900
[sim-tick] runPlan iter=60 pos=(189.5,105.0) yVel=-0.216 xVel?=1.298 isOnGround=0 isUD=0 gMod=1.00 speed=0.900
[sim-tick] runPlan iter=90 pos=(228.5,105.0) yVel=-0.216 xVel?=1.298 isOnGround=0 isUD=0 gMod=1.00 speed=0.900
[sim-tick] runPlan iter=120 pos=(267.4,105.0) yVel=-0.216 xVel?=1.298 isOnGround=0 isUD=0 gMod=1.00 speed=0.900
[run-init] base getPos=(110.35,144.37) m_position=(109.05,145.89) simAfterSet getPos=(110.35,144.37) m_position=(109.05,145.89) isOnGround=0/0/1/0 baseLGO=0x0 simLGO=0x0 baseColl=0x0 simColl=0x0 baseYV=-6.748 simYV=-6.748 base_lastGroundedPos=(2.60,105.00) sim_lastGroundedPos=(2.60,105.00) base_lastPos=(109.05,145.89) sim_lastPos=(109.05,145.89) base_yStart=11.18 sim_yStart=11.18 base_fallStartY=166.77 sim_fallStartY=166.77 base_lastPortalPos=(0.00,0.00) sim_lastPortalPos=(0.00,0.00) portalY=0.00
[sim-tick] runPlan iter=0 pos=(111.6,142.8) yVel=-6.964 xVel?=0.000 isOnGround=0 isUD=0 gMod=1.00 speed=0.900
[sim-tick] runPlan iter=30 pos=(150.6,129.5) yVel=8.804 xVel?=1.298 isOnGround=0 isUD=0 gMod=1.00 speed=0.900
[sim-tick] runPlan iter=60 pos=(189.5,166.3) yVel=2.324 xVel?=1.298 isOnGround=0 isUD=0 gMod=1.00 speed=0.900
[sim-tick] runPlan iter=90 pos=(228.5,159.4) yVel=-4.156 xVel?=1.298 isOnGround=0 isUD=0 gMod=1.00 speed=0.900
[sim-tick] runPlan iter=120 pos=(267.4,108.7) yVel=-10.636 xVel?=1.298 isOnGround=0 isUD=0 gMod=1.00 speed=0.900
[sim-tick] runPlan iter=150 pos=(306.4,157.1) yVel=5.348 xVel?=1.298 isOnGround=0 isUD=0 gMod=1.00 speed=0.900
[sim-tick] runPlan iter=180 pos=(345.3,170.6) yVel=-1.132 xVel?=1.298 isOnGround=0 isUD=0 gMod=1.00 speed=0.900
[sim-tick] runPlan iter=210 pos=(384.3,140.3) yVel=-7.612 xVel?=1.298 isOnGround=0 isUD=0 gMod=1.00 speed=0.900
[run-init] base getPos=(110.35,144.37) m_position=(109.05,145.89) simAfterSet getPos=(110.35,144.37) m_position=(109.05,145.89) isOnGround=0/0/1/0 baseLGO=0x0 simLGO=0x0 baseColl=0x0 simColl=0x0 baseYV=-6.748 simYV=-6.748 base_lastGroundedPos=(2.60,105.00) sim_lastGroundedPos=(2.60,105.00) base_lastPos=(109.05,145.89) sim_lastPos=(109.05,145.89) base_yStart=11.18 sim_yStart=11.18 base_fallStartY=166.77 sim_fallStartY=166.77 base_lastPortalPos=(0.00,0.00) sim_lastPortalPos=(0.00,0.00) portalY=0.00
[sim-tick] runPlan iter=0 pos=(111.6,142.8) yVel=-6.964 xVel?=0.000 isOnGround=0 isUD=0 gMod=1.00 speed=0.900
[sim-tick] runPlan iter=30 pos=(150.6,130.0) yVel=9.020 xVel?=1.298 isOnGround=0 isUD=0 gMod=1.00 speed=0.900
[sim-tick] runPlan iter=60 pos=(189.5,168.3) yVel=2.540 xVel?=1.298 isOnGround=0 isUD=0 gMod=1.00 speed=0.900
[sim-tick] runPlan iter=90 pos=(228.5,162.8) yVel=-3.940 xVel?=1.298 isOnGround=0 isUD=0 gMod=1.00 speed=0.900
[sim-tick] runPlan iter=120 pos=(267.4,113.6) yVel=-10.420 xVel?=1.298 isOnGround=0 isUD=0 gMod=1.00 speed=0.900
[sim-tick] runPlan iter=150 pos=(306.4,154.6) yVel=5.780 xVel?=1.298 isOnGround=0 isUD=0 gMod=1.00 speed=0.900
[sim-tick] runPlan iter=180 pos=(345.3,171.0) yVel=-0.700 xVel?=1.298 isOnGround=0 isUD=0 gMod=1.00 speed=0.900
[sim-tick] runPlan iter=210 pos=(384.3,143.7) yVel=-7.180 xVel?=1.298 isOnGround=0 isUD=0 gMod=1.00 speed=0.900
[run-init] base getPos=(110.35,144.37) m_position=(109.05,145.89) simAfterSet getPos=(110.35,144.37) m_position=(109.05,145.89) isOnGround=0/0/1/0 baseLGO=0x0 simLGO=0x0 baseColl=0x0 simColl=0x0 baseYV=-6.748 simYV=-6.748 base_lastGroundedPos=(2.60,105.00) sim_lastGroundedPos=(2.60,105.00) base_lastPos=(109.05,145.89) sim_lastPos=(109.05,145.89) base_yStart=11.18 sim_yStart=11.18 base_fallStartY=166.77 sim_fallStartY=166.77 base_lastPortalPos=(0.00,0.00) sim_lastPortalPos=(0.00,0.00) portalY=0.00
[sim-tick] runPlan iter=0 pos=(111.6,142.8) yVel=-6.964 xVel?=0.000 isOnGround=0 isUD=0 gMod=1.00 speed=0.900
[sim-tick] runPlan iter=30 pos=(150.6,105.0) yVel=-0.216 xVel?=1.298 isOnGround=0 isUD=0 gMod=1.00 speed=0.900
[sim-tick] runPlan iter=60 pos=(189.5,107.5) yVel=10.964 xVel?=1.298 isOnGround=0 isUD=0 gMod=1.00 speed=0.900
[sim-tick] runPlan iter=90 pos=(228.5,158.9) yVel=4.484 xVel?=1.298 isOnGround=0 isUD=0 gMod=1.00 speed=0.900
[sim-tick] runPlan iter=120 pos=(267.4,166.5) yVel=-1.996 xVel?=1.298 isOnGround=0 isUD=0 gMod=1.00 speed=0.900
[sim-tick] runPlan iter=150 pos=(306.4,130.5) yVel=-8.476 xVel?=1.298 isOnGround=0 isUD=0 gMod=1.00 speed=0.900
[run-init] base getPos=(110.35,144.37) m_position=(109.05,145.89) simAfterSet getPos=(110.35,144.37) m_position=(109.05,145.89) isOnGround=0/0/1/0 baseLGO=0x0 simLGO=0x0 baseColl=0x0 simColl=0x0 baseYV=-6.748 simYV=-6.748 base_lastGroundedPos=(2.60,105.00) sim_lastGroundedPos=(2.60,105.00) base_lastPos=(109.05,145.89) sim_lastPos=(109.05,145.89) base_yStart=11.18 sim_yStart=11.18 base_fallStartY=166.77 sim_fallStartY=166.77 base_lastPortalPos=(0.00,0.00) sim_lastPortalPos=(0.00,0.00) portalY=0.00
[sim-tick] runPlan iter=0 pos=(111.6,142.8) yVel=-6.964 xVel?=0.000 isOnGround=0 isUD=0 gMod=1.00 speed=0.900
[sim-tick] runPlan iter=30 pos=(150.6,130.0) yVel=9.020 xVel?=1.298 isOnGround=0 isUD=0 gMod=1.00 speed=0.900
[sim-tick] runPlan iter=60 pos=(189.5,168.3) yVel=2.540 xVel?=1.298 isOnGround=0 isUD=0 gMod=1.00 speed=0.900
[sim-tick] runPlan iter=90 pos=(228.5,162.8) yVel=-3.940 xVel?=1.298 isOnGround=0 isUD=0 gMod=1.00 speed=0.900
[sim-tick] runPlan iter=120 pos=(267.4,113.6) yVel=-10.420 xVel?=1.298 isOnGround=0 isUD=0 gMod=1.00 speed=0.900
[sim-tick] runPlan iter=150 pos=(306.4,154.6) yVel=5.780 xVel?=1.298 isOnGround=0 isUD=0 gMod=1.00 speed=0.900
[sim-tick] runPlan iter=180 pos=(345.3,171.0) yVel=-0.700 xVel?=1.298 isOnGround=0 isUD=0 gMod=1.00 speed=0.900
[sim-tick] runPlan iter=210 pos=(384.3,143.7) yVel=-7.180 xVel?=1.298 isOnGround=0 isUD=0 gMod=1.00 speed=0.900
[run-init] base getPos=(118.14,134.24) m_position=(116.84,136.05) simAfterSet getPos=(118.14,134.24) m_position=(116.84,136.05) isOnGround=0/0/1/0 baseLGO=0x0 simLGO=0x0 baseColl=0x0 simColl=0x0 baseYV=-8.044 simYV=-8.044 base_lastGroundedPos=(2.60,105.00) sim_lastGroundedPos=(2.60,105.00) base_lastPos=(116.84,136.05) sim_lastPos=(116.84,136.05) base_yStart=11.18 sim_yStart=11.18 base_fallStartY=166.77 sim_fallStartY=166.77 base_lastPortalPos=(0.00,0.00) sim_lastPortalPos=(0.00,0.00) portalY=0.00
[sim-tick] runPlan iter=0 pos=(119.4,132.4) yVel=-8.260 xVel?=0.000 isOnGround=0 isUD=0 gMod=1.00 speed=0.900
[sim-tick] runPlan iter=30 pos=(158.4,105.0) yVel=-0.216 xVel?=1.298 isOnGround=0 isUD=0 gMod=1.00 speed=0.900
[sim-tick] runPlan iter=60 pos=(197.3,105.0) yVel=-0.216 xVel?=1.298 isOnGround=0 isUD=0 gMod=1.00 speed=0.900
[sim-tick] runPlan iter=90 pos=(236.3,105.0) yVel=-0.216 xVel?=1.298 isOnGround=0 isUD=0 gMod=1.00 speed=0.900
[sim-tick] runPlan iter=120 pos=(275.2,105.0) yVel=-0.216 xVel?=1.298 isOnGround=0 isUD=0 gMod=1.00 speed=0.900
[run-init] base getPos=(118.14,134.24) m_position=(116.84,136.05) simAfterSet getPos=(118.14,134.24) m_position=(116.84,136.05) isOnGround=0/0/1/0 baseLGO=0x0 simLGO=0x0 baseColl=0x0 simColl=0x0 baseYV=-8.044 simYV=-8.044 base_lastGroundedPos=(2.60,105.00) sim_lastGroundedPos=(2.60,105.00) base_lastPos=(116.84,136.05) sim_lastPos=(116.84,136.05) base_yStart=11.18 sim_yStart=11.18 base_fallStartY=166.77 sim_fallStartY=166.77 base_lastPortalPos=(0.00,0.00) sim_lastPortalPos=(0.00,0.00) portalY=0.00
[sim-tick] runPlan iter=0 pos=(119.4,132.4) yVel=-8.260 xVel?=0.000 isOnGround=0 isUD=0 gMod=1.00 speed=0.900
[sim-tick] runPlan iter=30 pos=(158.4,127.5) yVel=9.020 xVel?=1.298 isOnGround=0 isUD=0 gMod=1.00 speed=0.900
[sim-tick] runPlan iter=60 pos=(197.3,165.8) yVel=2.540 xVel?=1.298 isOnGround=0 isUD=0 gMod=1.00 speed=0.900
[sim-tick] runPlan iter=90 pos=(236.3,160.3) yVel=-3.940 xVel?=1.298 isOnGround=0 isUD=0 gMod=1.00 speed=0.900
[sim-tick] runPlan iter=120 pos=(275.2,111.1) yVel=-10.420 xVel?=1.298 isOnGround=0 isUD=0 gMod=1.00 speed=0.900
[run-init] base getPos=(118.14,134.24) m_position=(116.84,136.05) simAfterSet getPos=(118.14,134.24) m_position=(116.84,136.05) isOnGround=0/0/1/0 baseLGO=0x0 simLGO=0x0 baseColl=0x0 simColl=0x0 baseYV=-8.044 simYV=-8.044 base_lastGroundedPos=(2.60,105.00) sim_lastGroundedPos=(2.60,105.00) base_lastPos=(116.84,136.05) sim_lastPos=(116.84,136.05) base_yStart=11.18 sim_yStart=11.18 base_fallStartY=166.77 sim_fallStartY=166.77 base_lastPortalPos=(0.00,0.00) sim_lastPortalPos=(0.00,0.00) portalY=0.00
[sim-tick] runPlan iter=0 pos=(119.4,132.4) yVel=-8.260 xVel?=0.000 isOnGround=0 isUD=0 gMod=1.00 speed=0.900
[sim-tick] runPlan iter=30 pos=(158.4,105.0) yVel=-0.216 xVel?=1.298 isOnGround=0 isUD=0 gMod=1.00 speed=0.900
[sim-tick] runPlan iter=60 pos=(197.3,105.0) yVel=-0.216 xVel?=1.298 isOnGround=0 isUD=0 gMod=1.00 speed=0.900
[sim-tick] runPlan iter=90 pos=(236.3,105.0) yVel=-0.216 xVel?=1.298 isOnGround=0 isUD=0 gMod=1.00 speed=0.900
[sim-tick] runPlan iter=120 pos=(275.2,105.0) yVel=-0.216 xVel?=1.298 isOnGround=0 isUD=0 gMod=1.00 speed=0.900
[run-init] base getPos=(118.14,134.24) m_position=(116.84,136.05) simAfterSet getPos=(118.14,134.24) m_position=(116.84,136.05) isOnGround=0/0/1/0 baseLGO=0x0 simLGO=0x0 baseColl=0x0 simColl=0x0 baseYV=-8.044 simYV=-8.044 base_lastGroundedPos=(2.60,105.00) sim_lastGroundedPos=(2.60,105.00) base_lastPos=(116.84,136.05) sim_lastPos=(116.84,136.05) base_yStart=11.18 sim_yStart=11.18 base_fallStartY=166.77 sim_fallStartY=166.77 base_lastPortalPos=(0.00,0.00) sim_lastPortalPos=(0.00,0.00) portalY=0.00
[sim-tick] runPlan iter=0 pos=(119.4,132.4) yVel=-8.260 xVel?=0.000 isOnGround=0 isUD=0 gMod=1.00 speed=0.900
[sim-tick] runPlan iter=30 pos=(158.4,129.5) yVel=8.804 xVel?=1.298 isOnGround=0 isUD=0 gMod=1.00 speed=0.900
[sim-tick] runPlan iter=60 pos=(197.3,166.3) yVel=2.324 xVel?=1.298 isOnGround=0 isUD=0 gMod=1.00 speed=0.900
[sim-tick] runPlan iter=90 pos=(236.3,159.4) yVel=-4.156 xVel?=1.298 isOnGround=0 isUD=0 gMod=1.00 speed=0.900
[sim-tick] runPlan iter=120 pos=(275.2,108.7) yVel=-10.636 xVel?=1.298 isOnGround=0 isUD=0 gMod=1.00 speed=0.900
[sim-tick] runPlan iter=150 pos=(314.2,157.1) yVel=5.348 xVel?=1.298 isOnGround=0 isUD=0 gMod=1.00 speed=0.900
[sim-tick] runPlan iter=180 pos=(353.1,170.6) yVel=-1.132 xVel?=1.298 isOnGround=0 isUD=0 gMod=1.00 speed=0.900
[sim-tick] runPlan iter=210 pos=(392.1,140.3) yVel=-7.612 xVel?=1.298 isOnGround=0 isUD=0 gMod=1.00 speed=0.900
[run-init] base getPos=(118.14,134.24) m_position=(116.84,136.05) simAfterSet getPos=(118.14,134.24) m_position=(116.84,136.05) isOnGround=0/0/1/0 baseLGO=0x0 simLGO=0x0 baseColl=0x0 simColl=0x0 baseYV=-8.044 simYV=-8.044 base_lastGroundedPos=(2.60,105.00) sim_lastGroundedPos=(2.60,105.00) base_lastPos=(116.84,136.05) sim_lastPos=(116.84,136.05) base_yStart=11.18 sim_yStart=11.18 base_fallStartY=166.77 sim_fallStartY=166.77 base_lastPortalPos=(0.00,0.00) sim_lastPortalPos=(0.00,0.00) portalY=0.00
[sim-tick] runPlan iter=0 pos=(119.4,132.4) yVel=-8.260 xVel?=0.000 isOnGround=0 isUD=0 gMod=1.00 speed=0.900
[sim-tick] runPlan iter=30 pos=(158.4,141.2) yVel=7.724 xVel?=1.298 isOnGround=0 isUD=0 gMod=1.00 speed=0.900
[sim-tick] runPlan iter=60 pos=(197.3,170.7) yVel=1.244 xVel?=1.298 isOnGround=0 isUD=0 gMod=1.00 speed=0.900
[sim-tick] runPlan iter=90 pos=(236.3,156.5) yVel=-5.236 xVel?=1.298 isOnGround=0 isUD=0 gMod=1.00 speed=0.900
[sim-tick] runPlan iter=120 pos=(275.2,110.0) yVel=10.964 xVel?=1.298 isOnGround=0 isUD=0 gMod=1.00 speed=0.900
[sim-tick] runPlan iter=150 pos=(314.2,161.4) yVel=4.484 xVel?=1.298 isOnGround=0 isUD=0 gMod=1.00 speed=0.900
[sim-tick] runPlan iter=180 pos=(353.1,169.1) yVel=-1.996 xVel?=1.298 isOnGround=0 isUD=0 gMod=1.00 speed=0.900
[run-init] base getPos=(118.14,134.24) m_position=(116.84,136.05) simAfterSet getPos=(118.14,134.24) m_position=(116.84,136.05) isOnGround=0/0/1/0 baseLGO=0x0 simLGO=0x0 baseColl=0x0 simColl=0x0 baseYV=-8.044 simYV=-8.044 base_lastGroundedPos=(2.60,105.00) sim_lastGroundedPos=(2.60,105.00) base_lastPos=(116.84,136.05) sim_lastPos=(116.84,136.05) base_yStart=11.18 sim_yStart=11.18 base_fallStartY=166.77 sim_fallStartY=166.77 base_lastPortalPos=(0.00,0.00) sim_lastPortalPos=(0.00,0.00) portalY=0.00
[sim-tick] runPlan iter=0 pos=(119.4,132.4) yVel=-8.260 xVel?=0.000 isOnGround=0 isUD=0 gMod=1.00 speed=0.900
[sim-tick] runPlan iter=30 pos=(158.4,105.0) yVel=-0.216 xVel?=1.298 isOnGround=0 isUD=0 gMod=1.00 speed=0.900
[sim-tick] runPlan iter=60 pos=(197.3,107.5) yVel=10.964 xVel?=1.298 isOnGround=0 isUD=0 gMod=1.00 speed=0.900
[sim-tick] runPlan iter=90 pos=(236.3,158.9) yVel=4.484 xVel?=1.298 isOnGround=0 isUD=0 gMod=1.00 speed=0.900
[sim-tick] runPlan iter=120 pos=(275.2,166.5) yVel=-1.996 xVel?=1.298 isOnGround=0 isUD=0 gMod=1.00 speed=0.900
[sim-tick] runPlan iter=150 pos=(314.2,130.5) yVel=-8.476 xVel?=1.298 isOnGround=0 isUD=0 gMod=1.00 speed=0.900
[run-init] base getPos=(118.14,134.24) m_position=(116.84,136.05) simAfterSet getPos=(118.14,134.24) m_position=(116.84,136.05) isOnGround=0/0/1/0 baseLGO=0x0 simLGO=0x0 baseColl=0x0 simColl=0x0 baseYV=-8.044 simYV=-8.044 base_lastGroundedPos=(2.60,105.00) sim_lastGroundedPos=(2.60,105.00) base_lastPos=(116.84,136.05) sim_lastPos=(116.84,136.05) base_yStart=11.18 sim_yStart=11.18 base_fallStartY=166.77 sim_fallStartY=166.77 base_lastPortalPos=(0.00,0.00) sim_lastPortalPos=(0.00,0.00) portalY=0.00
[sim-tick] runPlan iter=0 pos=(119.4,132.4) yVel=-8.260 xVel?=0.000 isOnGround=0 isUD=0 gMod=1.00 speed=0.900
[sim-tick] runPlan iter=30 pos=(158.4,141.2) yVel=7.724 xVel?=1.298 isOnGround=0 isUD=0 gMod=1.00 speed=0.900
[sim-tick] runPlan iter=60 pos=(197.3,170.7) yVel=1.244 xVel?=1.298 isOnGround=0 isUD=0 gMod=1.00 speed=0.900
[sim-tick] runPlan iter=90 pos=(236.3,156.5) yVel=-5.236 xVel?=1.298 isOnGround=0 isUD=0 gMod=1.00 speed=0.900
[sim-tick] runPlan iter=120 pos=(275.2,110.0) yVel=10.964 xVel?=1.298 isOnGround=0 isUD=0 gMod=1.00 speed=0.900
[sim-tick] runPlan iter=150 pos=(314.2,161.4) yVel=4.484 xVel?=1.298 isOnGround=0 isUD=0 gMod=1.00 speed=0.900
[sim-tick] runPlan iter=180 pos=(353.1,169.1) yVel=-1.996 xVel?=1.298 isOnGround=0 isUD=0 gMod=1.00 speed=0.900
[run-init] base getPos=(125.93,122.36) m_position=(124.63,124.46) simAfterSet getPos=(125.93,122.36) m_position=(124.63,124.46) isOnGround=0/0/1/0 baseLGO=0x0 simLGO=0x0 baseColl=0x0 simColl=0x0 baseYV=-9.340 simYV=-9.340 base_lastGroundedPos=(2.60,105.00) sim_lastGroundedPos=(2.60,105.00) base_lastPos=(124.63,124.46) sim_lastPos=(124.63,124.46) base_yStart=11.18 sim_yStart=11.18 base_fallStartY=166.77 sim_fallStartY=166.77 base_lastPortalPos=(0.00,0.00) sim_lastPortalPos=(0.00,0.00) portalY=0.00
[sim-tick] runPlan iter=0 pos=(127.2,120.2) yVel=-9.556 xVel?=0.000 isOnGround=0 isUD=0 gMod=1.00 speed=0.900
[sim-tick] runPlan iter=30 pos=(166.2,105.0) yVel=-0.216 xVel?=1.298 isOnGround=0 isUD=0 gMod=1.00 speed=0.900
[sim-tick] runPlan iter=60 pos=(205.1,105.0) yVel=-0.216 xVel?=1.298 isOnGround=0 isUD=0 gMod=1.00 speed=0.900
[sim-tick] runPlan iter=90 pos=(244.1,105.0) yVel=-0.216 xVel?=1.298 isOnGround=0 isUD=0 gMod=1.00 speed=0.900
[sim-tick] runPlan iter=120 pos=(283.0,105.0) yVel=-0.216 xVel?=1.298 isOnGround=0 isUD=0 gMod=1.00 speed=0.900
[run-init] base getPos=(125.93,122.36) m_position=(124.63,124.46) simAfterSet getPos=(125.93,122.36) m_position=(124.63,124.46) isOnGround=0/0/1/0 baseLGO=0x0 simLGO=0x0 baseColl=0x0 simColl=0x0 baseYV=-9.340 simYV=-9.340 base_lastGroundedPos=(2.60,105.00) sim_lastGroundedPos=(2.60,105.00) base_lastPos=(124.63,124.46) sim_lastPos=(124.63,124.46) base_yStart=11.18 sim_yStart=11.18 base_fallStartY=166.77 sim_fallStartY=166.77 base_lastPortalPos=(0.00,0.00) sim_lastPortalPos=(0.00,0.00) portalY=0.00
[sim-tick] runPlan iter=0 pos=(127.2,120.2) yVel=-9.556 xVel?=0.000 isOnGround=0 isUD=0 gMod=1.00 speed=0.900
[sim-tick] runPlan iter=30 pos=(166.2,150.6) yVel=6.428 xVel?=1.298 isOnGround=0 isUD=0 gMod=1.00 speed=0.900
[sim-tick] runPlan iter=60 pos=(205.1,171.4) yVel=-0.052 xVel?=1.298 isOnGround=0 isUD=0 gMod=1.00 speed=0.900
[sim-tick] runPlan iter=90 pos=(244.1,148.4) yVel=-6.532 xVel?=1.298 isOnGround=0 isUD=0 gMod=1.00 speed=0.900
[sim-tick] runPlan iter=120 pos=(283.0,105.0) yVel=-0.216 xVel?=1.298 isOnGround=0 isUD=0 gMod=1.00 speed=0.900
[run-init] base getPos=(125.93,122.36) m_position=(124.63,124.46) simAfterSet getPos=(125.93,122.36) m_position=(124.63,124.46) isOnGround=0/0/1/0 baseLGO=0x0 simLGO=0x0 baseColl=0x0 simColl=0x0 baseYV=-9.340 simYV=-9.340 base_lastGroundedPos=(2.60,105.00) sim_lastGroundedPos=(2.60,105.00) base_lastPos=(124.63,124.46) sim_lastPos=(124.63,124.46) base_yStart=11.18 sim_yStart=11.18 base_fallStartY=166.77 sim_fallStartY=166.77 base_lastPortalPos=(0.00,0.00) sim_lastPortalPos=(0.00,0.00) portalY=0.00
[sim-tick] runPlan iter=0 pos=(127.2,120.2) yVel=-9.556 xVel?=0.000 isOnGround=0 isUD=0 gMod=1.00 speed=0.900
[sim-tick] runPlan iter=30 pos=(166.2,105.0) yVel=-0.216 xVel?=1.298 isOnGround=0 isUD=0 gMod=1.00 speed=0.900
[sim-tick] runPlan iter=60 pos=(205.1,105.0) yVel=-0.216 xVel?=1.298 isOnGround=0 isUD=0 gMod=1.00 speed=0.900
[sim-tick] runPlan iter=90 pos=(244.1,105.0) yVel=-0.216 xVel?=1.298 isOnGround=0 isUD=0 gMod=1.00 speed=0.900
[sim-tick] runPlan iter=120 pos=(283.0,105.0) yVel=-0.216 xVel?=1.298 isOnGround=0 isUD=0 gMod=1.00 speed=0.900
[run-init] base getPos=(125.93,122.36) m_position=(124.63,124.46) simAfterSet getPos=(125.93,122.36) m_position=(124.63,124.46) isOnGround=0/0/1/0 baseLGO=0x0 simLGO=0x0 baseColl=0x0 simColl=0x0 baseYV=-9.340 simYV=-9.340 base_lastGroundedPos=(2.60,105.00) sim_lastGroundedPos=(2.60,105.00) base_lastPos=(124.63,124.46) sim_lastPos=(124.63,124.46) base_yStart=11.18 sim_yStart=11.18 base_fallStartY=166.77 sim_fallStartY=166.77 base_lastPortalPos=(0.00,0.00) sim_lastPortalPos=(0.00,0.00) portalY=0.00
[sim-tick] runPlan iter=0 pos=(127.2,120.2) yVel=-9.556 xVel?=0.000 isOnGround=0 isUD=0 gMod=1.00 speed=0.900
[sim-tick] runPlan iter=30 pos=(166.2,129.5) yVel=8.804 xVel?=1.298 isOnGround=0 isUD=0 gMod=1.00 speed=0.900
[sim-tick] runPlan iter=60 pos=(205.1,166.3) yVel=2.324 xVel?=1.298 isOnGround=0 isUD=0 gMod=1.00 speed=0.900
[sim-tick] runPlan iter=90 pos=(244.1,159.4) yVel=-4.156 xVel?=1.298 isOnGround=0 isUD=0 gMod=1.00 speed=0.900
[sim-tick] runPlan iter=120 pos=(283.0,108.7) yVel=-10.636 xVel?=1.298 isOnGround=0 isUD=0 gMod=1.00 speed=0.900
[sim-tick] runPlan iter=150 pos=(322.0,157.1) yVel=5.348 xVel?=1.298 isOnGround=0 isUD=0 gMod=1.00 speed=0.900
[sim-tick] runPlan iter=180 pos=(360.9,170.6) yVel=-1.132 xVel?=1.298 isOnGround=0 isUD=0 gMod=1.00 speed=0.900
[sim-tick] runPlan iter=210 pos=(399.9,140.3) yVel=-7.612 xVel?=1.298 isOnGround=0 isUD=0 gMod=1.00 speed=0.900
[run-init] base getPos=(125.93,122.36) m_position=(124.63,124.46) simAfterSet getPos=(125.93,122.36) m_position=(124.63,124.46) isOnGround=0/0/1/0 baseLGO=0x0 simLGO=0x0 baseColl=0x0 simColl=0x0 baseYV=-9.340 simYV=-9.340 base_lastGroundedPos=(2.60,105.00) sim_lastGroundedPos=(2.60,105.00) base_lastPos=(124.63,124.46) sim_lastPos=(124.63,124.46) base_yStart=11.18 sim_yStart=11.18 base_fallStartY=166.77 sim_fallStartY=166.77 base_lastPortalPos=(0.00,0.00) sim_lastPortalPos=(0.00,0.00) portalY=0.00
[sim-tick] runPlan iter=0 pos=(127.2,120.2) yVel=-9.556 xVel?=0.000 isOnGround=0 isUD=0 gMod=1.00 speed=0.900
[sim-tick] runPlan iter=30 pos=(166.2,150.6) yVel=6.428 xVel?=1.298 isOnGround=0 isUD=0 gMod=1.00 speed=0.900
[sim-tick] runPlan iter=60 pos=(205.1,171.4) yVel=-0.052 xVel?=1.298 isOnGround=0 isUD=0 gMod=1.00 speed=0.900
[sim-tick] runPlan iter=90 pos=(244.1,148.4) yVel=-6.532 xVel?=1.298 isOnGround=0 isUD=0 gMod=1.00 speed=0.900
[sim-tick] runPlan iter=120 pos=(283.0,123.8) yVel=9.668 xVel?=1.298 isOnGround=0 isUD=0 gMod=1.00 speed=0.900
[sim-tick] runPlan iter=150 pos=(322.0,166.4) yVel=3.188 xVel?=1.298 isOnGround=0 isUD=0 gMod=1.00 speed=0.900
[sim-tick] runPlan iter=180 pos=(360.9,165.3) yVel=-3.292 xVel?=1.298 isOnGround=0 isUD=0 gMod=1.00 speed=0.900
[run-init] base getPos=(125.93,122.36) m_position=(124.63,124.46) simAfterSet getPos=(125.93,122.36) m_position=(124.63,124.46) isOnGround=0/0/1/0 baseLGO=0x0 simLGO=0x0 baseColl=0x0 simColl=0x0 baseYV=-9.340 simYV=-9.340 base_lastGroundedPos=(2.60,105.00) sim_lastGroundedPos=(2.60,105.00) base_lastPos=(124.63,124.46) sim_lastPos=(124.63,124.46) base_yStart=11.18 sim_yStart=11.18 base_fallStartY=166.77 sim_fallStartY=166.77 base_lastPortalPos=(0.00,0.00) sim_lastPortalPos=(0.00,0.00) portalY=0.00
[sim-tick] runPlan iter=0 pos=(127.2,120.2) yVel=-9.556 xVel?=0.000 isOnGround=0 isUD=0 gMod=1.00 speed=0.900
[sim-tick] runPlan iter=30 pos=(166.2,105.0) yVel=-0.216 xVel?=1.298 isOnGround=0 isUD=0 gMod=1.00 speed=0.900
[sim-tick] runPlan iter=60 pos=(205.1,107.5) yVel=10.964 xVel?=1.298 isOnGround=0 isUD=0 gMod=1.00 speed=0.900
[sim-tick] runPlan iter=90 pos=(244.1,158.9) yVel=4.484 xVel?=1.298 isOnGround=0 isUD=0 gMod=1.00 speed=0.900
[sim-tick] runPlan iter=120 pos=(283.0,166.5) yVel=-1.996 xVel?=1.298 isOnGround=0 isUD=0 gMod=1.00 speed=0.900
[sim-tick] runPlan iter=150 pos=(322.0,130.5) yVel=-8.476 xVel?=1.298 isOnGround=0 isUD=0 gMod=1.00 speed=0.900
[run-init] base getPos=(125.93,122.36) m_position=(124.63,124.46) simAfterSet getPos=(125.93,122.36) m_position=(124.63,124.46) isOnGround=0/0/1/0 baseLGO=0x0 simLGO=0x0 baseColl=0x0 simColl=0x0 baseYV=-9.340 simYV=-9.340 base_lastGroundedPos=(2.60,105.00) sim_lastGroundedPos=(2.60,105.00) base_lastPos=(124.63,124.46) sim_lastPos=(124.63,124.46) base_yStart=11.18 sim_yStart=11.18 base_fallStartY=166.77 sim_fallStartY=166.77 base_lastPortalPos=(0.00,0.00) sim_lastPortalPos=(0.00,0.00) portalY=0.00
[sim-tick] runPlan iter=0 pos=(127.2,120.2) yVel=-9.556 xVel?=0.000 isOnGround=0 isUD=0 gMod=1.00 speed=0.900
[sim-tick] runPlan iter=30 pos=(166.2,150.6) yVel=6.428 xVel?=1.298 isOnGround=0 isUD=0 gMod=1.00 speed=0.900
[sim-tick] runPlan iter=60 pos=(205.1,171.4) yVel=-0.052 xVel?=1.298 isOnGround=0 isUD=0 gMod=1.00 speed=0.900
[sim-tick] runPlan iter=90 pos=(244.1,148.4) yVel=-6.532 xVel?=1.298 isOnGround=0 isUD=0 gMod=1.00 speed=0.900
[sim-tick] runPlan iter=120 pos=(283.0,123.8) yVel=9.668 xVel?=1.298 isOnGround=0 isUD=0 gMod=1.00 speed=0.900
[sim-tick] runPlan iter=150 pos=(322.0,166.4) yVel=3.188 xVel?=1.298 isOnGround=0 isUD=0 gMod=1.00 speed=0.900
[sim-tick] runPlan iter=180 pos=(360.9,165.3) yVel=-3.292 xVel?=1.298 isOnGround=0 isUD=0 gMod=1.00 speed=0.900
[run-init] base getPos=(133.72,108.73) m_position=(132.42,111.12) simAfterSet getPos=(133.72,108.73) m_position=(132.42,111.12) isOnGround=0/0/1/0 baseLGO=0x0 simLGO=0x0 baseColl=0x0 simColl=0x0 baseYV=-10.636 simYV=-10.636 base_lastGroundedPos=(2.60,105.00) sim_lastGroundedPos=(2.60,105.00) base_lastPos=(132.42,111.12) sim_lastPos=(132.42,111.12) base_yStart=11.18 sim_yStart=11.18 base_fallStartY=166.77 sim_fallStartY=166.77 base_lastPortalPos=(0.00,0.00) sim_lastPortalPos=(0.00,0.00) portalY=0.00
[sim-tick] runPlan iter=0 pos=(135.0,106.3) yVel=-10.852 xVel?=0.000 isOnGround=0 isUD=0 gMod=1.00 speed=0.900
[sim-tick] runPlan iter=30 pos=(174.0,105.0) yVel=-0.216 xVel?=1.298 isOnGround=0 isUD=0 gMod=1.00 speed=0.900
[sim-tick] runPlan iter=60 pos=(212.9,105.0) yVel=-0.216 xVel?=1.298 isOnGround=0 isUD=0 gMod=1.00 speed=0.900
[sim-tick] runPlan iter=90 pos=(251.9,105.0) yVel=-0.216 xVel?=1.298 isOnGround=0 isUD=0 gMod=1.00 speed=0.900
[sim-tick] runPlan iter=120 pos=(290.8,105.0) yVel=-0.216 xVel?=1.298 isOnGround=0 isUD=0 gMod=1.00 speed=0.900
[run-init] base getPos=(133.72,108.73) m_position=(132.42,111.12) simAfterSet getPos=(133.72,108.73) m_position=(132.42,111.12) isOnGround=0/0/1/0 baseLGO=0x0 simLGO=0x0 baseColl=0x0 simColl=0x0 baseYV=-10.636 simYV=-10.636 base_lastGroundedPos=(2.60,105.00) sim_lastGroundedPos=(2.60,105.00) base_lastPos=(132.42,111.12) sim_lastPos=(132.42,111.12) base_yStart=11.18 sim_yStart=11.18 base_fallStartY=166.77 sim_fallStartY=166.77 base_lastPortalPos=(0.00,0.00) sim_lastPortalPos=(0.00,0.00) portalY=0.00
[sim-tick] runPlan iter=0 pos=(135.0,106.3) yVel=-10.852 xVel?=0.000 isOnGround=0 isUD=0 gMod=1.00 speed=0.900
[sim-tick] runPlan iter=30 pos=(174.0,158.2) yVel=5.132 xVel?=1.298 isOnGround=0 isUD=0 gMod=1.00 speed=0.900
[sim-tick] runPlan iter=60 pos=(212.9,170.3) yVel=-1.348 xVel?=1.298 isOnGround=0 isUD=0 gMod=1.00 speed=0.900
[sim-tick] runPlan iter=90 pos=(251.9,138.6) yVel=-7.828 xVel?=1.298 isOnGround=0 isUD=0 gMod=1.00 speed=0.900
[sim-tick] runPlan iter=120 pos=(290.8,105.0) yVel=-0.216 xVel?=1.298 isOnGround=0 isUD=0 gMod=1.00 speed=0.900
[run-init] base getPos=(133.72,108.73) m_position=(132.42,111.12) simAfterSet getPos=(133.72,108.73) m_position=(132.42,111.12) isOnGround=0/0/1/0 baseLGO=0x0 simLGO=0x0 baseColl=0x0 simColl=0x0 baseYV=-10.636 simYV=-10.636 base_lastGroundedPos=(2.60,105.00) sim_lastGroundedPos=(2.60,105.00) base_lastPos=(132.42,111.12) sim_lastPos=(132.42,111.12) base_yStart=11.18 sim_yStart=11.18 base_fallStartY=166.77 sim_fallStartY=166.77 base_lastPortalPos=(0.00,0.00) sim_lastPortalPos=(0.00,0.00) portalY=0.00
[sim-tick] runPlan iter=0 pos=(135.0,106.3) yVel=-10.852 xVel?=0.000 isOnGround=0 isUD=0 gMod=1.00 speed=0.900
[sim-tick] runPlan iter=30 pos=(174.0,105.0) yVel=-0.216 xVel?=1.298 isOnGround=0 isUD=0 gMod=1.00 speed=0.900
[sim-tick] runPlan iter=60 pos=(212.9,105.0) yVel=-0.216 xVel?=1.298 isOnGround=0 isUD=0 gMod=1.00 speed=0.900
[sim-tick] runPlan iter=90 pos=(251.9,105.0) yVel=-0.216 xVel?=1.298 isOnGround=0 isUD=0 gMod=1.00 speed=0.900
[sim-tick] runPlan iter=120 pos=(290.8,105.0) yVel=-0.216 xVel?=1.298 isOnGround=0 isUD=0 gMod=1.00 speed=0.900
[run-init] base getPos=(133.72,108.73) m_position=(132.42,111.12) simAfterSet getPos=(133.72,108.73) m_position=(132.42,111.12) isOnGround=0/0/1/0 baseLGO=0x0 simLGO=0x0 baseColl=0x0 simColl=0x0 baseYV=-10.636 simYV=-10.636 base_lastGroundedPos=(2.60,105.00) sim_lastGroundedPos=(2.60,105.00) base_lastPos=(132.42,111.12) sim_lastPos=(132.42,111.12) base_yStart=11.18 sim_yStart=11.18 base_fallStartY=166.77 sim_fallStartY=166.77 base_lastPortalPos=(0.00,0.00) sim_lastPortalPos=(0.00,0.00) portalY=0.00
[sim-tick] runPlan iter=0 pos=(135.0,106.3) yVel=-10.852 xVel?=0.000 isOnGround=0 isUD=0 gMod=1.00 speed=0.900
[sim-tick] runPlan iter=30 pos=(174.0,129.5) yVel=8.804 xVel?=1.298 isOnGround=0 isUD=0 gMod=1.00 speed=0.900
[sim-tick] runPlan iter=60 pos=(212.9,166.3) yVel=2.324 xVel?=1.298 isOnGround=0 isUD=0 gMod=1.00 speed=0.900
[sim-tick] runPlan iter=90 pos=(251.9,159.4) yVel=-4.156 xVel?=1.298 isOnGround=0 isUD=0 gMod=1.00 speed=0.900
[sim-tick] runPlan iter=120 pos=(290.8,108.7) yVel=-10.636 xVel?=1.298 isOnGround=0 isUD=0 gMod=1.00 speed=0.900
[sim-tick] runPlan iter=150 pos=(329.8,157.1) yVel=5.348 xVel?=1.298 isOnGround=0 isUD=0 gMod=1.00 speed=0.900
[sim-tick] runPlan iter=180 pos=(368.7,170.6) yVel=-1.132 xVel?=1.298 isOnGround=0 isUD=0 gMod=1.00 speed=0.900
[sim-tick] runPlan iter=210 pos=(407.7,140.3) yVel=-7.612 xVel?=1.298 isOnGround=0 isUD=0 gMod=1.00 speed=0.900
[run-init] base getPos=(133.72,108.73) m_position=(132.42,111.12) simAfterSet getPos=(133.72,108.73) m_position=(132.42,111.12) isOnGround=0/0/1/0 baseLGO=0x0 simLGO=0x0 baseColl=0x0 simColl=0x0 baseYV=-10.636 simYV=-10.636 base_lastGroundedPos=(2.60,105.00) sim_lastGroundedPos=(2.60,105.00) base_lastPos=(132.42,111.12) sim_lastPos=(132.42,111.12) base_yStart=11.18 sim_yStart=11.18 base_fallStartY=166.77 sim_fallStartY=166.77 base_lastPortalPos=(0.00,0.00) sim_lastPortalPos=(0.00,0.00) portalY=0.00
[sim-tick] runPlan iter=0 pos=(135.0,106.3) yVel=-10.852 xVel?=0.000 isOnGround=0 isUD=0 gMod=1.00 speed=0.900
[sim-tick] runPlan iter=30 pos=(174.0,158.2) yVel=5.132 xVel?=1.298 isOnGround=0 isUD=0 gMod=1.00 speed=0.900
[sim-tick] runPlan iter=60 pos=(212.9,170.3) yVel=-1.348 xVel?=1.298 isOnGround=0 isUD=0 gMod=1.00 speed=0.900
[sim-tick] runPlan iter=90 pos=(251.9,138.6) yVel=-7.828 xVel?=1.298 isOnGround=0 isUD=0 gMod=1.00 speed=0.900
[sim-tick] runPlan iter=120 pos=(290.8,135.8) yVel=8.372 xVel?=1.298 isOnGround=0 isUD=0 gMod=1.00 speed=0.900
[sim-tick] runPlan iter=150 pos=(329.8,169.7) yVel=1.892 xVel?=1.298 isOnGround=0 isUD=0 gMod=1.00 speed=0.900
[sim-tick] runPlan iter=180 pos=(368.7,159.9) yVel=-4.588 xVel?=1.298 isOnGround=0 isUD=0 gMod=1.00 speed=0.900
[run-init] base getPos=(133.72,108.73) m_position=(132.42,111.12) simAfterSet getPos=(133.72,108.73) m_position=(132.42,111.12) isOnGround=0/0/1/0 baseLGO=0x0 simLGO=0x0 baseColl=0x0 simColl=0x0 baseYV=-10.636 simYV=-10.636 base_lastGroundedPos=(2.60,105.00) sim_lastGroundedPos=(2.60,105.00) base_lastPos=(132.42,111.12) sim_lastPos=(132.42,111.12) base_yStart=11.18 sim_yStart=11.18 base_fallStartY=166.77 sim_fallStartY=166.77 base_lastPortalPos=(0.00,0.00) sim_lastPortalPos=(0.00,0.00) portalY=0.00
[sim-tick] runPlan iter=0 pos=(135.0,106.3) yVel=-10.852 xVel?=0.000 isOnGround=0 isUD=0 gMod=1.00 speed=0.900
[sim-tick] runPlan iter=30 pos=(174.0,105.0) yVel=-0.216 xVel?=1.298 isOnGround=0 isUD=0 gMod=1.00 speed=0.900
[sim-tick] runPlan iter=60 pos=(212.9,107.5) yVel=10.964 xVel?=1.298 isOnGround=0 isUD=0 gMod=1.00 speed=0.900
[sim-tick] runPlan iter=90 pos=(251.9,158.9) yVel=4.484 xVel?=1.298 isOnGround=0 isUD=0 gMod=1.00 speed=0.900
[sim-tick] runPlan iter=120 pos=(290.8,166.5) yVel=-1.996 xVel?=1.298 isOnGround=0 isUD=0 gMod=1.00 speed=0.900
[sim-tick] runPlan iter=150 pos=(329.8,130.5) yVel=-8.476 xVel?=1.298 isOnGround=0 isUD=0 gMod=1.00 speed=0.900
[run-init] base getPos=(133.72,108.73) m_position=(132.42,111.12) simAfterSet getPos=(133.72,108.73) m_position=(132.42,111.12) isOnGround=0/0/1/0 baseLGO=0x0 simLGO=0x0 baseColl=0x0 simColl=0x0 baseYV=-10.636 simYV=-10.636 base_lastGroundedPos=(2.60,105.00) sim_lastGroundedPos=(2.60,105.00) base_lastPos=(132.42,111.12) sim_lastPos=(132.42,111.12) base_yStart=11.18 sim_yStart=11.18 base_fallStartY=166.77 sim_fallStartY=166.77 base_lastPortalPos=(0.00,0.00) sim_lastPortalPos=(0.00,0.00) portalY=0.00
[sim-tick] runPlan iter=0 pos=(135.0,106.3) yVel=-10.852 xVel?=0.000 isOnGround=0 isUD=0 gMod=1.00 speed=0.900
[sim-tick] runPlan iter=30 pos=(174.0,158.2) yVel=5.132 xVel?=1.298 isOnGround=0 isUD=0 gMod=1.00 speed=0.900
[sim-tick] runPlan iter=60 pos=(212.9,170.3) yVel=-1.348 xVel?=1.298 isOnGround=0 isUD=0 gMod=1.00 speed=0.900
[sim-tick] runPlan iter=90 pos=(251.9,138.6) yVel=-7.828 xVel?=1.298 isOnGround=0 isUD=0 gMod=1.00 speed=0.900
[sim-tick] runPlan iter=120 pos=(290.8,135.8) yVel=8.372 xVel?=1.298 isOnGround=0 isUD=0 gMod=1.00 speed=0.900
[sim-tick] runPlan iter=150 pos=(329.8,169.7) yVel=1.892 xVel?=1.298 isOnGround=0 isUD=0 gMod=1.00 speed=0.900
[sim-tick] runPlan iter=180 pos=(368.7,159.9) yVel=-4.588 xVel?=1.298 isOnGround=0 isUD=0 gMod=1.00 speed=0.900
[run-init] base getPos=(141.51,105.00) m_position=(140.21,105.00) simAfterSet getPos=(141.51,105.00) m_position=(140.21,105.00) isOnGround=1/1/1/1 baseLGO=0x0 simLGO=0x0 baseColl=0x0 simColl=0x0 baseYV=0.000 simYV=0.000 base_lastGroundedPos=(141.51,105.00) sim_lastGroundedPos=(141.51,105.00) base_lastPos=(140.21,105.00) sim_lastPos=(140.21,105.00) base_yStart=11.18 sim_yStart=11.18 base_fallStartY=0.00 sim_fallStartY=0.00 base_lastPortalPos=(0.00,0.00) sim_lastPortalPos=(0.00,0.00) portalY=0.00
[sim-tick] runPlan iter=0 pos=(142.8,105.0) yVel=-0.216 xVel?=0.000 isOnGround=0 isUD=0 gMod=1.00 speed=0.900
[sim-tick] runPlan iter=30 pos=(181.8,105.0) yVel=-0.216 xVel?=1.298 isOnGround=0 isUD=0 gMod=1.00 speed=0.900
[sim-tick] runPlan iter=60 pos=(220.7,105.0) yVel=-0.216 xVel?=1.298 isOnGround=0 isUD=0 gMod=1.00 speed=0.900
[sim-tick] runPlan iter=90 pos=(259.6,105.0) yVel=-0.216 xVel?=1.298 isOnGround=0 isUD=0 gMod=1.00 speed=0.900
[sim-tick] runPlan iter=120 pos=(298.6,105.0) yVel=-0.216 xVel?=1.298 isOnGround=0 isUD=0 gMod=1.00 speed=0.900
[run-init] base getPos=(141.51,105.00) m_position=(140.21,105.00) simAfterSet getPos=(141.51,105.00) m_position=(140.21,105.00) isOnGround=1/1/1/1 baseLGO=0x0 simLGO=0x0 baseColl=0x0 simColl=0x0 baseYV=0.000 simYV=0.000 base_lastGroundedPos=(141.51,105.00) sim_lastGroundedPos=(141.51,105.00) base_lastPos=(140.21,105.00) sim_lastPos=(140.21,105.00) base_yStart=11.18 sim_yStart=11.18 base_fallStartY=0.00 sim_fallStartY=0.00 base_lastPortalPos=(0.00,0.00) sim_lastPortalPos=(0.00,0.00) portalY=0.00
[sim-tick] runPlan iter=0 pos=(142.8,105.0) yVel=-0.216 xVel?=0.000 isOnGround=0 isUD=0 gMod=1.00 speed=0.900
[sim-tick] runPlan iter=30 pos=(181.8,157.9) yVel=4.700 xVel?=1.298 isOnGround=0 isUD=0 gMod=1.00 speed=0.900
[sim-tick] runPlan iter=60 pos=(220.7,167.0) yVel=-1.780 xVel?=1.298 isOnGround=0 isUD=0 gMod=1.00 speed=0.900
[sim-tick] runPlan iter=90 pos=(259.6,132.4) yVel=-8.260 xVel?=1.298 isOnGround=0 isUD=0 gMod=1.00 speed=0.900
[sim-tick] runPlan iter=120 pos=(298.6,105.0) yVel=-0.216 xVel?=1.298 isOnGround=0 isUD=0 gMod=1.00 speed=0.900
[run-init] base getPos=(141.51,105.00) m_position=(140.21,105.00) simAfterSet getPos=(141.51,105.00) m_position=(140.21,105.00) isOnGround=1/1/1/1 baseLGO=0x0 simLGO=0x0 baseColl=0x0 simColl=0x0 baseYV=0.000 simYV=0.000 base_lastGroundedPos=(141.51,105.00) sim_lastGroundedPos=(141.51,105.00) base_lastPos=(140.21,105.00) sim_lastPos=(140.21,105.00) base_yStart=11.18 sim_yStart=11.18 base_fallStartY=0.00 sim_fallStartY=0.00 base_lastPortalPos=(0.00,0.00) sim_lastPortalPos=(0.00,0.00) portalY=0.00
[sim-tick] runPlan iter=0 pos=(142.8,105.0) yVel=-0.216 xVel?=0.000 isOnGround=0 isUD=0 gMod=1.00 speed=0.900
[sim-tick] runPlan iter=30 pos=(181.8,105.0) yVel=-0.216 xVel?=1.298 isOnGround=0 isUD=0 gMod=1.00 speed=0.900
[sim-tick] runPlan iter=60 pos=(220.7,105.0) yVel=-0.216 xVel?=1.298 isOnGround=0 isUD=0 gMod=1.00 speed=0.900
[sim-tick] runPlan iter=90 pos=(259.6,105.0) yVel=-0.216 xVel?=1.298 isOnGround=0 isUD=0 gMod=1.00 speed=0.900
[sim-tick] runPlan iter=120 pos=(298.6,105.0) yVel=-0.216 xVel?=1.298 isOnGround=0 isUD=0 gMod=1.00 speed=0.900
[run-init] base getPos=(141.51,105.00) m_position=(140.21,105.00) simAfterSet getPos=(141.51,105.00) m_position=(140.21,105.00) isOnGround=1/1/1/1 baseLGO=0x0 simLGO=0x0 baseColl=0x0 simColl=0x0 baseYV=0.000 simYV=0.000 base_lastGroundedPos=(141.51,105.00) sim_lastGroundedPos=(141.51,105.00) base_lastPos=(140.21,105.00) sim_lastPos=(140.21,105.00) base_yStart=11.18 sim_yStart=11.18 base_fallStartY=0.00 sim_fallStartY=0.00 base_lastPortalPos=(0.00,0.00) sim_lastPortalPos=(0.00,0.00) portalY=0.00
[sim-tick] runPlan iter=0 pos=(142.8,105.0) yVel=-0.216 xVel?=0.000 isOnGround=0 isUD=0 gMod=1.00 speed=0.900
[sim-tick] runPlan iter=30 pos=(181.8,129.5) yVel=8.804 xVel?=1.298 isOnGround=0 isUD=0 gMod=1.00 speed=0.900
[sim-tick] runPlan iter=60 pos=(220.7,166.3) yVel=2.324 xVel?=1.298 isOnGround=0 isUD=0 gMod=1.00 speed=0.900
[sim-tick] runPlan iter=90 pos=(259.6,159.4) yVel=-4.156 xVel?=1.298 isOnGround=0 isUD=0 gMod=1.00 speed=0.900
[sim-tick] runPlan iter=120 pos=(298.6,108.7) yVel=-10.636 xVel?=1.298 isOnGround=0 isUD=0 gMod=1.00 speed=0.900
[run-init] base getPos=(141.51,105.00) m_position=(140.21,105.00) simAfterSet getPos=(141.51,105.00) m_position=(140.21,105.00) isOnGround=1/1/1/1 baseLGO=0x0 simLGO=0x0 baseColl=0x0 simColl=0x0 baseYV=0.000 simYV=0.000 base_lastGroundedPos=(141.51,105.00) sim_lastGroundedPos=(141.51,105.00) base_lastPos=(140.21,105.00) sim_lastPos=(140.21,105.00) base_yStart=11.18 sim_yStart=11.18 base_fallStartY=0.00 sim_fallStartY=0.00 base_lastPortalPos=(0.00,0.00) sim_lastPortalPos=(0.00,0.00) portalY=0.00
[sim-tick] runPlan iter=0 pos=(142.8,107.5) yVel=10.964 xVel?=0.000 isOnGround=0 isUD=0 gMod=1.00 speed=0.900
[sim-tick] runPlan iter=30 pos=(181.8,158.9) yVel=4.484 xVel?=1.298 isOnGround=0 isUD=0 gMod=1.00 speed=0.900
[sim-tick] runPlan iter=60 pos=(220.7,166.5) yVel=-1.996 xVel?=1.298 isOnGround=0 isUD=0 gMod=1.00 speed=0.900
[sim-tick] runPlan iter=90 pos=(259.6,130.5) yVel=-8.476 xVel?=1.298 isOnGround=0 isUD=0 gMod=1.00 speed=0.900
[sim-tick] runPlan iter=120 pos=(298.6,142.8) yVel=7.508 xVel?=1.298 isOnGround=0 isUD=0 gMod=1.00 speed=0.900
[sim-tick] runPlan iter=150 pos=(337.5,170.9) yVel=1.028 xVel?=1.298 isOnGround=0 isUD=0 gMod=1.00 speed=0.900
[sim-tick] runPlan iter=180 pos=(376.5,155.3) yVel=-5.452 xVel?=1.298 isOnGround=0 isUD=0 gMod=1.00 speed=0.900
[run-init] base getPos=(141.51,105.00) m_position=(140.21,105.00) simAfterSet getPos=(141.51,105.00) m_position=(140.21,105.00) isOnGround=1/1/1/1 baseLGO=0x0 simLGO=0x0 baseColl=0x0 simColl=0x0 baseYV=0.000 simYV=0.000 base_lastGroundedPos=(141.51,105.00) sim_lastGroundedPos=(141.51,105.00) base_lastPos=(140.21,105.00) sim_lastPos=(140.21,105.00) base_yStart=11.18 sim_yStart=11.18 base_fallStartY=0.00 sim_fallStartY=0.00 base_lastPortalPos=(0.00,0.00) sim_lastPortalPos=(0.00,0.00) portalY=0.00
[sim-tick] runPlan iter=0 pos=(142.8,105.0) yVel=-0.216 xVel?=0.000 isOnGround=0 isUD=0 gMod=1.00 speed=0.900
[sim-tick] runPlan iter=30 pos=(181.8,105.0) yVel=-0.216 xVel?=1.298 isOnGround=0 isUD=0 gMod=1.00 speed=0.900
[sim-tick] runPlan iter=60 pos=(220.7,107.5) yVel=10.964 xVel?=1.298 isOnGround=0 isUD=0 gMod=1.00 speed=0.900
[sim-tick] runPlan iter=90 pos=(259.6,158.9) yVel=4.484 xVel?=1.298 isOnGround=0 isUD=0 gMod=1.00 speed=0.900
[sim-tick] runPlan iter=120 pos=(298.6,166.5) yVel=-1.996 xVel?=1.298 isOnGround=0 isUD=0 gMod=1.00 speed=0.900
[sim-tick] runPlan iter=150 pos=(337.5,130.5) yVel=-8.476 xVel?=1.298 isOnGround=0 isUD=0 gMod=1.00 speed=0.900
[run-init] base getPos=(141.51,105.00) m_position=(140.21,105.00) simAfterSet getPos=(141.51,105.00) m_position=(140.21,105.00) isOnGround=1/1/1/1 baseLGO=0x0 simLGO=0x0 baseColl=0x0 simColl=0x0 baseYV=0.000 simYV=0.000 base_lastGroundedPos=(141.51,105.00) sim_lastGroundedPos=(141.51,105.00) base_lastPos=(140.21,105.00) sim_lastPos=(140.21,105.00) base_yStart=11.18 sim_yStart=11.18 base_fallStartY=0.00 sim_fallStartY=0.00 base_lastPortalPos=(0.00,0.00) sim_lastPortalPos=(0.00,0.00) portalY=0.00
[sim-tick] runPlan iter=0 pos=(142.8,105.0) yVel=-0.216 xVel?=0.000 isOnGround=0 isUD=0 gMod=1.00 speed=0.900
[sim-tick] runPlan iter=30 pos=(181.8,157.9) yVel=4.700 xVel?=1.298 isOnGround=0 isUD=0 gMod=1.00 speed=0.900
[sim-tick] runPlan iter=60 pos=(220.7,167.0) yVel=-1.780 xVel?=1.298 isOnGround=0 isUD=0 gMod=1.00 speed=0.900
[sim-tick] runPlan iter=90 pos=(259.6,132.4) yVel=-8.260 xVel?=1.298 isOnGround=0 isUD=0 gMod=1.00 speed=0.900
[sim-tick] runPlan iter=120 pos=(298.6,141.2) yVel=7.724 xVel?=1.298 isOnGround=0 isUD=0 gMod=1.00 speed=0.900
[sim-tick] runPlan iter=150 pos=(337.5,170.7) yVel=1.244 xVel?=1.298 isOnGround=0 isUD=0 gMod=1.00 speed=0.900
[sim-tick] runPlan iter=180 pos=(376.5,156.5) yVel=-5.236 xVel?=1.298 isOnGround=0 isUD=0 gMod=1.00 speed=0.900
[run-init] base getPos=(149.30,105.00) m_position=(148.00,105.00) simAfterSet getPos=(149.30,105.00) m_position=(148.00,105.00) isOnGround=1/1/1/1 baseLGO=0x0 simLGO=0x0 baseColl=0x0 simColl=0x0 baseYV=0.000 simYV=0.000 base_lastGroundedPos=(149.30,105.00) sim_lastGroundedPos=(149.30,105.00) base_lastPos=(148.00,105.00) sim_lastPos=(148.00,105.00) base_yStart=11.18 sim_yStart=11.18 base_fallStartY=0.00 sim_fallStartY=0.00 base_lastPortalPos=(0.00,0.00) sim_lastPortalPos=(0.00,0.00) portalY=0.00
[sim-tick] runPlan iter=0 pos=(150.6,105.0) yVel=-0.216 xVel?=0.000 isOnGround=0 isUD=0 gMod=1.00 speed=0.900
[sim-tick] runPlan iter=30 pos=(189.5,105.0) yVel=-0.216 xVel?=1.298 isOnGround=0 isUD=0 gMod=1.00 speed=0.900
[sim-tick] runPlan iter=60 pos=(228.5,105.0) yVel=-0.216 xVel?=1.298 isOnGround=0 isUD=0 gMod=1.00 speed=0.900
[sim-tick] runPlan iter=90 pos=(267.4,105.0) yVel=-0.216 xVel?=1.298 isOnGround=0 isUD=0 gMod=1.00 speed=0.900
[run-init] base getPos=(149.30,105.00) m_position=(148.00,105.00) simAfterSet getPos=(149.30,105.00) m_position=(148.00,105.00) isOnGround=1/1/1/1 baseLGO=0x0 simLGO=0x0 baseColl=0x0 simColl=0x0 baseYV=0.000 simYV=0.000 base_lastGroundedPos=(149.30,105.00) sim_lastGroundedPos=(149.30,105.00) base_lastPos=(148.00,105.00) sim_lastPos=(148.00,105.00) base_yStart=11.18 sim_yStart=11.18 base_fallStartY=0.00 sim_fallStartY=0.00 base_lastPortalPos=(0.00,0.00) sim_lastPortalPos=(0.00,0.00) portalY=0.00
[sim-tick] runPlan iter=0 pos=(150.6,105.0) yVel=-0.216 xVel?=0.000 isOnGround=0 isUD=0 gMod=1.00 speed=0.900
[sim-tick] runPlan iter=30 pos=(189.5,157.9) yVel=4.700 xVel?=1.298 isOnGround=0 isUD=0 gMod=1.00 speed=0.900
[sim-tick] runPlan iter=60 pos=(228.5,167.0) yVel=-1.780 xVel?=1.298 isOnGround=0 isUD=0 gMod=1.00 speed=0.900
[sim-tick] runPlan iter=90 pos=(267.4,132.4) yVel=-8.260 xVel?=1.298 isOnGround=0 isUD=0 gMod=1.00 speed=0.900
[run-init] base getPos=(149.30,105.00) m_position=(148.00,105.00) simAfterSet getPos=(149.30,105.00) m_position=(148.00,105.00) isOnGround=1/1/1/1 baseLGO=0x0 simLGO=0x0 baseColl=0x0 simColl=0x0 baseYV=0.000 simYV=0.000 base_lastGroundedPos=(149.30,105.00) sim_lastGroundedPos=(149.30,105.00) base_lastPos=(148.00,105.00) sim_lastPos=(148.00,105.00) base_yStart=11.18 sim_yStart=11.18 base_fallStartY=0.00 sim_fallStartY=0.00 base_lastPortalPos=(0.00,0.00) sim_lastPortalPos=(0.00,0.00) portalY=0.00
[sim-tick] runPlan iter=0 pos=(150.6,105.0) yVel=-0.216 xVel?=0.000 isOnGround=0 isUD=0 gMod=1.00 speed=0.900
[sim-tick] runPlan iter=30 pos=(189.5,105.0) yVel=-0.216 xVel?=1.298 isOnGround=0 isUD=0 gMod=1.00 speed=0.900
[sim-tick] runPlan iter=60 pos=(228.5,105.0) yVel=-0.216 xVel?=1.298 isOnGround=0 isUD=0 gMod=1.00 speed=0.900
[sim-tick] runPlan iter=90 pos=(267.4,105.0) yVel=-0.216 xVel?=1.298 isOnGround=0 isUD=0 gMod=1.00 speed=0.900
[run-init] base getPos=(149.30,105.00) m_position=(148.00,105.00) simAfterSet getPos=(149.30,105.00) m_position=(148.00,105.00) isOnGround=1/1/1/1 baseLGO=0x0 simLGO=0x0 baseColl=0x0 simColl=0x0 baseYV=0.000 simYV=0.000 base_lastGroundedPos=(149.30,105.00) sim_lastGroundedPos=(149.30,105.00) base_lastPos=(148.00,105.00) sim_lastPos=(148.00,105.00) base_yStart=11.18 sim_yStart=11.18 base_fallStartY=0.00 sim_fallStartY=0.00 base_lastPortalPos=(0.00,0.00) sim_lastPortalPos=(0.00,0.00) portalY=0.00
[sim-tick] runPlan iter=0 pos=(150.6,105.0) yVel=-0.216 xVel?=0.000 isOnGround=0 isUD=0 gMod=1.00 speed=0.900
[sim-tick] runPlan iter=30 pos=(189.5,129.5) yVel=8.804 xVel?=1.298 isOnGround=0 isUD=0 gMod=1.00 speed=0.900
[sim-tick] runPlan iter=60 pos=(228.5,166.3) yVel=2.324 xVel?=1.298 isOnGround=0 isUD=0 gMod=1.00 speed=0.900
[sim-tick] runPlan iter=90 pos=(267.4,159.4) yVel=-4.156 xVel?=1.298 isOnGround=0 isUD=0 gMod=1.00 speed=0.900
[run-init] base getPos=(149.30,105.00) m_position=(148.00,105.00) simAfterSet getPos=(149.30,105.00) m_position=(148.00,105.00) isOnGround=1/1/1/1 baseLGO=0x0 simLGO=0x0 baseColl=0x0 simColl=0x0 baseYV=0.000 simYV=0.000 base_lastGroundedPos=(149.30,105.00) sim_lastGroundedPos=(149.30,105.00) base_lastPos=(148.00,105.00) sim_lastPos=(148.00,105.00) base_yStart=11.18 sim_yStart=11.18 base_fallStartY=0.00 sim_fallStartY=0.00 base_lastPortalPos=(0.00,0.00) sim_lastPortalPos=(0.00,0.00) portalY=0.00
[sim-tick] runPlan iter=0 pos=(150.6,107.5) yVel=10.964 xVel?=0.000 isOnGround=0 isUD=0 gMod=1.00 speed=0.900
[sim-tick] runPlan iter=30 pos=(189.5,158.9) yVel=4.484 xVel?=1.298 isOnGround=0 isUD=0 gMod=1.00 speed=0.900
[sim-tick] runPlan iter=60 pos=(228.5,166.5) yVel=-1.996 xVel?=1.298 isOnGround=0 isUD=0 gMod=1.00 speed=0.900
[sim-tick] runPlan iter=90 pos=(267.4,130.5) yVel=-8.476 xVel?=1.298 isOnGround=0 isUD=0 gMod=1.00 speed=0.900
[sim-tick] runPlan iter=120 pos=(306.4,142.8) yVel=7.508 xVel?=1.298 isOnGround=0 isUD=0 gMod=1.00 speed=0.900
[sim-tick] runPlan iter=150 pos=(345.3,170.9) yVel=1.028 xVel?=1.298 isOnGround=0 isUD=0 gMod=1.00 speed=0.900
[sim-tick] runPlan iter=180 pos=(384.3,155.3) yVel=-5.452 xVel?=1.298 isOnGround=0 isUD=0 gMod=1.00 speed=0.900
[run-init] base getPos=(149.30,105.00) m_position=(148.00,105.00) simAfterSet getPos=(149.30,105.00) m_position=(148.00,105.00) isOnGround=1/1/1/1 baseLGO=0x0 simLGO=0x0 baseColl=0x0 simColl=0x0 baseYV=0.000 simYV=0.000 base_lastGroundedPos=(149.30,105.00) sim_lastGroundedPos=(149.30,105.00) base_lastPos=(148.00,105.00) sim_lastPos=(148.00,105.00) base_yStart=11.18 sim_yStart=11.18 base_fallStartY=0.00 sim_fallStartY=0.00 base_lastPortalPos=(0.00,0.00) sim_lastPortalPos=(0.00,0.00) portalY=0.00
[sim-tick] runPlan iter=0 pos=(150.6,105.0) yVel=-0.216 xVel?=0.000 isOnGround=0 isUD=0 gMod=1.00 speed=0.900
[sim-tick] runPlan iter=30 pos=(189.5,105.0) yVel=-0.216 xVel?=1.298 isOnGround=0 isUD=0 gMod=1.00 speed=0.900
[sim-tick] runPlan iter=60 pos=(228.5,107.5) yVel=10.964 xVel?=1.298 isOnGround=0 isUD=0 gMod=1.00 speed=0.900
[sim-tick] runPlan iter=90 pos=(267.4,158.9) yVel=4.484 xVel?=1.298 isOnGround=0 isUD=0 gMod=1.00 speed=0.900
[sim-tick] runPlan iter=120 pos=(306.4,166.5) yVel=-1.996 xVel?=1.298 isOnGround=0 isUD=0 gMod=1.00 speed=0.900
[sim-tick] runPlan iter=150 pos=(345.3,130.5) yVel=-8.476 xVel?=1.298 isOnGround=0 isUD=0 gMod=1.00 speed=0.900
[run-init] base getPos=(149.30,105.00) m_position=(148.00,105.00) simAfterSet getPos=(149.30,105.00) m_position=(148.00,105.00) isOnGround=1/1/1/1 baseLGO=0x0 simLGO=0x0 baseColl=0x0 simColl=0x0 baseYV=0.000 simYV=0.000 base_lastGroundedPos=(149.30,105.00) sim_lastGroundedPos=(149.30,105.00) base_lastPos=(148.00,105.00) sim_lastPos=(148.00,105.00) base_yStart=11.18 sim_yStart=11.18 base_fallStartY=0.00 sim_fallStartY=0.00 base_lastPortalPos=(0.00,0.00) sim_lastPortalPos=(0.00,0.00) portalY=0.00
[sim-tick] runPlan iter=0 pos=(150.6,105.0) yVel=-0.216 xVel?=0.000 isOnGround=0 isUD=0 gMod=1.00 speed=0.900
[sim-tick] runPlan iter=30 pos=(189.5,157.9) yVel=4.700 xVel?=1.298 isOnGround=0 isUD=0 gMod=1.00 speed=0.900
[sim-tick] runPlan iter=60 pos=(228.5,167.0) yVel=-1.780 xVel?=1.298 isOnGround=0 isUD=0 gMod=1.00 speed=0.900
[sim-tick] runPlan iter=90 pos=(267.4,132.4) yVel=-8.260 xVel?=1.298 isOnGround=0 isUD=0 gMod=1.00 speed=0.900
[sim-tick] runPlan iter=120 pos=(306.4,141.2) yVel=7.724 xVel?=1.298 isOnGround=0 isUD=0 gMod=1.00 speed=0.900
[sim-tick] runPlan iter=150 pos=(345.3,170.7) yVel=1.244 xVel?=1.298 isOnGround=0 isUD=0 gMod=1.00 speed=0.900
[sim-tick] runPlan iter=180 pos=(384.3,156.5) yVel=-5.236 xVel?=1.298 isOnGround=0 isUD=0 gMod=1.00 speed=0.900
[run-init] base getPos=(157.09,105.00) m_position=(155.79,105.00) simAfterSet getPos=(157.09,105.00) m_position=(155.79,105.00) isOnGround=1/1/1/1 baseLGO=0x0 simLGO=0x0 baseColl=0x0 simColl=0x0 baseYV=0.000 simYV=0.000 base_lastGroundedPos=(157.09,105.00) sim_lastGroundedPos=(157.09,105.00) base_lastPos=(155.79,105.00) sim_lastPos=(155.79,105.00) base_yStart=11.18 sim_yStart=11.18 base_fallStartY=0.00 sim_fallStartY=0.00 base_lastPortalPos=(0.00,0.00) sim_lastPortalPos=(0.00,0.00) portalY=0.00
[sim-tick] runPlan iter=0 pos=(158.4,105.0) yVel=-0.216 xVel?=0.000 isOnGround=0 isUD=0 gMod=1.00 speed=0.900
[sim-tick] runPlan iter=30 pos=(197.3,105.0) yVel=-0.216 xVel?=1.298 isOnGround=0 isUD=0 gMod=1.00 speed=0.900
[sim-tick] runPlan iter=60 pos=(236.3,105.0) yVel=-0.216 xVel?=1.298 isOnGround=0 isUD=0 gMod=1.00 speed=0.900
[sim-tick] runPlan iter=90 pos=(275.2,105.0) yVel=-0.216 xVel?=1.298 isOnGround=0 isUD=0 gMod=1.00 speed=0.900
[run-init] base getPos=(157.09,105.00) m_position=(155.79,105.00) simAfterSet getPos=(157.09,105.00) m_position=(155.79,105.00) isOnGround=1/1/1/1 baseLGO=0x0 simLGO=0x0 baseColl=0x0 simColl=0x0 baseYV=0.000 simYV=0.000 base_lastGroundedPos=(157.09,105.00) sim_lastGroundedPos=(157.09,105.00) base_lastPos=(155.79,105.00) sim_lastPos=(155.79,105.00) base_yStart=11.18 sim_yStart=11.18 base_fallStartY=0.00 sim_fallStartY=0.00 base_lastPortalPos=(0.00,0.00) sim_lastPortalPos=(0.00,0.00) portalY=0.00
[sim-tick] runPlan iter=0 pos=(158.4,105.0) yVel=-0.216 xVel?=0.000 isOnGround=0 isUD=0 gMod=1.00 speed=0.900
[sim-tick] runPlan iter=30 pos=(197.3,157.9) yVel=4.700 xVel?=1.298 isOnGround=0 isUD=0 gMod=1.00 speed=0.900
[sim-tick] runPlan iter=60 pos=(236.3,167.0) yVel=-1.780 xVel?=1.298 isOnGround=0 isUD=0 gMod=1.00 speed=0.900
[sim-tick] runPlan iter=90 pos=(275.2,132.4) yVel=-8.260 xVel?=1.298 isOnGround=0 isUD=0 gMod=1.00 speed=0.900
[run-init] base getPos=(157.09,105.00) m_position=(155.79,105.00) simAfterSet getPos=(157.09,105.00) m_position=(155.79,105.00) isOnGround=1/1/1/1 baseLGO=0x0 simLGO=0x0 baseColl=0x0 simColl=0x0 baseYV=0.000 simYV=0.000 base_lastGroundedPos=(157.09,105.00) sim_lastGroundedPos=(157.09,105.00) base_lastPos=(155.79,105.00) sim_lastPos=(155.79,105.00) base_yStart=11.18 sim_yStart=11.18 base_fallStartY=0.00 sim_fallStartY=0.00 base_lastPortalPos=(0.00,0.00) sim_lastPortalPos=(0.00,0.00) portalY=0.00
[sim-tick] runPlan iter=0 pos=(158.4,105.0) yVel=-0.216 xVel?=0.000 isOnGround=0 isUD=0 gMod=1.00 speed=0.900
[sim-tick] runPlan iter=30 pos=(197.3,105.0) yVel=-0.216 xVel?=1.298 isOnGround=0 isUD=0 gMod=1.00 speed=0.900
[sim-tick] runPlan iter=60 pos=(236.3,105.0) yVel=-0.216 xVel?=1.298 isOnGround=0 isUD=0 gMod=1.00 speed=0.900
[sim-tick] runPlan iter=90 pos=(275.2,105.0) yVel=-0.216 xVel?=1.298 isOnGround=0 isUD=0 gMod=1.00 speed=0.900
[run-init] base getPos=(157.09,105.00) m_position=(155.79,105.00) simAfterSet getPos=(157.09,105.00) m_position=(155.79,105.00) isOnGround=1/1/1/1 baseLGO=0x0 simLGO=0x0 baseColl=0x0 simColl=0x0 baseYV=0.000 simYV=0.000 base_lastGroundedPos=(157.09,105.00) sim_lastGroundedPos=(157.09,105.00) base_lastPos=(155.79,105.00) sim_lastPos=(155.79,105.00) base_yStart=11.18 sim_yStart=11.18 base_fallStartY=0.00 sim_fallStartY=0.00 base_lastPortalPos=(0.00,0.00) sim_lastPortalPos=(0.00,0.00) portalY=0.00
[sim-tick] runPlan iter=0 pos=(158.4,105.0) yVel=-0.216 xVel?=0.000 isOnGround=0 isUD=0 gMod=1.00 speed=0.900
[sim-tick] runPlan iter=30 pos=(197.3,129.5) yVel=8.804 xVel?=1.298 isOnGround=0 isUD=0 gMod=1.00 speed=0.900
[sim-tick] runPlan iter=60 pos=(236.3,166.3) yVel=2.324 xVel?=1.298 isOnGround=0 isUD=0 gMod=1.00 speed=0.900
[sim-tick] runPlan iter=90 pos=(275.2,159.4) yVel=-4.156 xVel?=1.298 isOnGround=0 isUD=0 gMod=1.00 speed=0.900
[run-init] base getPos=(157.09,105.00) m_position=(155.79,105.00) simAfterSet getPos=(157.09,105.00) m_position=(155.79,105.00) isOnGround=1/1/1/1 baseLGO=0x0 simLGO=0x0 baseColl=0x0 simColl=0x0 baseYV=0.000 simYV=0.000 base_lastGroundedPos=(157.09,105.00) sim_lastGroundedPos=(157.09,105.00) base_lastPos=(155.79,105.00) sim_lastPos=(155.79,105.00) base_yStart=11.18 sim_yStart=11.18 base_fallStartY=0.00 sim_fallStartY=0.00 base_lastPortalPos=(0.00,0.00) sim_lastPortalPos=(0.00,0.00) portalY=0.00
[sim-tick] runPlan iter=0 pos=(158.4,107.5) yVel=10.964 xVel?=0.000 isOnGround=0 isUD=0 gMod=1.00 speed=0.900
[sim-tick] runPlan iter=30 pos=(197.3,158.9) yVel=4.484 xVel?=1.298 isOnGround=0 isUD=0 gMod=1.00 speed=0.900
[sim-tick] runPlan iter=60 pos=(236.3,166.5) yVel=-1.996 xVel?=1.298 isOnGround=0 isUD=0 gMod=1.00 speed=0.900
[sim-tick] runPlan iter=90 pos=(275.2,130.5) yVel=-8.476 xVel?=1.298 isOnGround=0 isUD=0 gMod=1.00 speed=0.900
[sim-tick] runPlan iter=120 pos=(314.2,142.8) yVel=7.508 xVel?=1.298 isOnGround=0 isUD=0 gMod=1.00 speed=0.900
[sim-tick] runPlan iter=150 pos=(353.1,170.9) yVel=1.028 xVel?=1.298 isOnGround=0 isUD=0 gMod=1.00 speed=0.900
[sim-tick] runPlan iter=180 pos=(392.1,155.3) yVel=-5.452 xVel?=1.298 isOnGround=0 isUD=0 gMod=1.00 speed=0.900
[run-init] base getPos=(157.09,105.00) m_position=(155.79,105.00) simAfterSet getPos=(157.09,105.00) m_position=(155.79,105.00) isOnGround=1/1/1/1 baseLGO=0x0 simLGO=0x0 baseColl=0x0 simColl=0x0 baseYV=0.000 simYV=0.000 base_lastGroundedPos=(157.09,105.00) sim_lastGroundedPos=(157.09,105.00) base_lastPos=(155.79,105.00) sim_lastPos=(155.79,105.00) base_yStart=11.18 sim_yStart=11.18 base_fallStartY=0.00 sim_fallStartY=0.00 base_lastPortalPos=(0.00,0.00) sim_lastPortalPos=(0.00,0.00) portalY=0.00
[sim-tick] runPlan iter=0 pos=(158.4,105.0) yVel=-0.216 xVel?=0.000 isOnGround=0 isUD=0 gMod=1.00 speed=0.900
[sim-tick] runPlan iter=30 pos=(197.3,105.0) yVel=-0.216 xVel?=1.298 isOnGround=0 isUD=0 gMod=1.00 speed=0.900
[sim-tick] runPlan iter=60 pos=(236.3,107.5) yVel=10.964 xVel?=1.298 isOnGround=0 isUD=0 gMod=1.00 speed=0.900
[sim-tick] runPlan iter=90 pos=(275.2,158.9) yVel=4.484 xVel?=1.298 isOnGround=0 isUD=0 gMod=1.00 speed=0.900
[sim-tick] runPlan iter=120 pos=(314.2,166.5) yVel=-1.996 xVel?=1.298 isOnGround=0 isUD=0 gMod=1.00 speed=0.900
[run-init] base getPos=(157.09,105.00) m_position=(155.79,105.00) simAfterSet getPos=(157.09,105.00) m_position=(155.79,105.00) isOnGround=1/1/1/1 baseLGO=0x0 simLGO=0x0 baseColl=0x0 simColl=0x0 baseYV=0.000 simYV=0.000 base_lastGroundedPos=(157.09,105.00) sim_lastGroundedPos=(157.09,105.00) base_lastPos=(155.79,105.00) sim_lastPos=(155.79,105.00) base_yStart=11.18 sim_yStart=11.18 base_fallStartY=0.00 sim_fallStartY=0.00 base_lastPortalPos=(0.00,0.00) sim_lastPortalPos=(0.00,0.00) portalY=0.00
[sim-tick] runPlan iter=0 pos=(158.4,105.0) yVel=-0.216 xVel?=0.000 isOnGround=0 isUD=0 gMod=1.00 speed=0.900
[sim-tick] runPlan iter=30 pos=(197.3,157.9) yVel=4.700 xVel?=1.298 isOnGround=0 isUD=0 gMod=1.00 speed=0.900
[sim-tick] runPlan iter=60 pos=(236.3,167.0) yVel=-1.780 xVel?=1.298 isOnGround=0 isUD=0 gMod=1.00 speed=0.900
[sim-tick] runPlan iter=90 pos=(275.2,132.4) yVel=-8.260 xVel?=1.298 isOnGround=0 isUD=0 gMod=1.00 speed=0.900
[sim-tick] runPlan iter=120 pos=(314.2,141.2) yVel=7.724 xVel?=1.298 isOnGround=0 isUD=0 gMod=1.00 speed=0.900
[sim-tick] runPlan iter=150 pos=(353.1,170.7) yVel=1.244 xVel?=1.298 isOnGround=0 isUD=0 gMod=1.00 speed=0.900
[sim-tick] runPlan iter=180 pos=(392.1,156.5) yVel=-5.236 xVel?=1.298 isOnGround=0 isUD=0 gMod=1.00 speed=0.900
[run-init] base getPos=(164.88,114.58) m_position=(163.58,112.25) simAfterSet getPos=(164.88,114.58) m_position=(163.58,112.25) isOnGround=0/0/1/0 baseLGO=0x0 simLGO=0x0 baseColl=0x0 simColl=0x0 baseYV=10.316 simYV=10.316 base_lastGroundedPos=(159.68,105.00) sim_lastGroundedPos=(159.68,105.00) base_lastPos=(163.58,112.25) sim_lastPos=(163.58,112.25) base_yStart=11.18 sim_yStart=11.18 base_fallStartY=0.00 sim_fallStartY=0.00 base_lastPortalPos=(0.00,0.00) sim_lastPortalPos=(0.00,0.00) portalY=0.00
[sim-tick] runPlan iter=0 pos=(166.2,116.8) yVel=10.100 xVel?=0.000 isOnGround=0 isUD=0 gMod=1.00 speed=0.900
[sim-tick] runPlan iter=30 pos=(205.1,162.4) yVel=3.620 xVel?=1.298 isOnGround=0 isUD=0 gMod=1.00 speed=0.900
[sim-tick] runPlan iter=60 pos=(244.1,164.3) yVel=-2.860 xVel?=1.298 isOnGround=0 isUD=0 gMod=1.00 speed=0.900
[sim-tick] runPlan iter=90 pos=(283.0,122.4) yVel=-9.340 xVel?=1.298 isOnGround=0 isUD=0 gMod=1.00 speed=0.900
[run-init] base getPos=(164.88,114.58) m_position=(163.58,112.25) simAfterSet getPos=(164.88,114.58) m_position=(163.58,112.25) isOnGround=0/0/1/0 baseLGO=0x0 simLGO=0x0 baseColl=0x0 simColl=0x0 baseYV=10.316 simYV=10.316 base_lastGroundedPos=(159.68,105.00) sim_lastGroundedPos=(159.68,105.00) base_lastPos=(163.58,112.25) sim_lastPos=(163.58,112.25) base_yStart=11.18 sim_yStart=11.18 base_fallStartY=0.00 sim_fallStartY=0.00 base_lastPortalPos=(0.00,0.00) sim_lastPortalPos=(0.00,0.00) portalY=0.00
[sim-tick] runPlan iter=0 pos=(166.2,116.8) yVel=10.100 xVel?=0.000 isOnGround=0 isUD=0 gMod=1.00 speed=0.900
[sim-tick] runPlan iter=30 pos=(205.1,162.4) yVel=3.620 xVel?=1.298 isOnGround=0 isUD=0 gMod=1.00 speed=0.900
[sim-tick] runPlan iter=60 pos=(244.1,164.3) yVel=-2.860 xVel?=1.298 isOnGround=0 isUD=0 gMod=1.00 speed=0.900
[sim-tick] runPlan iter=90 pos=(283.0,122.4) yVel=-9.340 xVel?=1.298 isOnGround=0 isUD=0 gMod=1.00 speed=0.900
[run-init] base getPos=(164.88,114.58) m_position=(163.58,112.25) simAfterSet getPos=(164.88,114.58) m_position=(163.58,112.25) isOnGround=0/0/1/0 baseLGO=0x0 simLGO=0x0 baseColl=0x0 simColl=0x0 baseYV=10.316 simYV=10.316 base_lastGroundedPos=(159.68,105.00) sim_lastGroundedPos=(159.68,105.00) base_lastPos=(163.58,112.25) sim_lastPos=(163.58,112.25) base_yStart=11.18 sim_yStart=11.18 base_fallStartY=0.00 sim_fallStartY=0.00 base_lastPortalPos=(0.00,0.00) sim_lastPortalPos=(0.00,0.00) portalY=0.00
[sim-tick] runPlan iter=0 pos=(166.2,116.8) yVel=10.100 xVel?=0.000 isOnGround=0 isUD=0 gMod=1.00 speed=0.900
[sim-tick] runPlan iter=30 pos=(205.1,162.4) yVel=3.620 xVel?=1.298 isOnGround=0 isUD=0 gMod=1.00 speed=0.900
[sim-tick] runPlan iter=60 pos=(244.1,164.3) yVel=-2.860 xVel?=1.298 isOnGround=0 isUD=0 gMod=1.00 speed=0.900
[sim-tick] runPlan iter=90 pos=(283.0,122.4) yVel=-9.340 xVel?=1.298 isOnGround=0 isUD=0 gMod=1.00 speed=0.900
[run-init] base getPos=(164.88,114.58) m_position=(163.58,112.25) simAfterSet getPos=(164.88,114.58) m_position=(163.58,112.25) isOnGround=0/0/1/0 baseLGO=0x0 simLGO=0x0 baseColl=0x0 simColl=0x0 baseYV=10.316 simYV=10.316 base_lastGroundedPos=(159.68,105.00) sim_lastGroundedPos=(159.68,105.00) base_lastPos=(163.58,112.25) sim_lastPos=(163.58,112.25) base_yStart=11.18 sim_yStart=11.18 base_fallStartY=0.00 sim_fallStartY=0.00 base_lastPortalPos=(0.00,0.00) sim_lastPortalPos=(0.00,0.00) portalY=0.00
[sim-tick] runPlan iter=0 pos=(166.2,116.8) yVel=10.100 xVel?=0.000 isOnGround=0 isUD=0 gMod=1.00 speed=0.900
[sim-tick] runPlan iter=30 pos=(205.1,162.4) yVel=3.620 xVel?=1.298 isOnGround=0 isUD=0 gMod=1.00 speed=0.900
[sim-tick] runPlan iter=60 pos=(244.1,164.3) yVel=-2.860 xVel?=1.298 isOnGround=0 isUD=0 gMod=1.00 speed=0.900
[sim-tick] runPlan iter=90 pos=(283.0,122.4) yVel=-9.340 xVel?=1.298 isOnGround=0 isUD=0 gMod=1.00 speed=0.900
[sim-tick] runPlan iter=120 pos=(322.0,149.1) yVel=6.644 xVel?=1.298 isOnGround=0 isUD=0 gMod=1.00 speed=0.900
[sim-tick] runPlan iter=150 pos=(360.9,171.4) yVel=0.164 xVel?=1.298 isOnGround=0 isUD=0 gMod=1.00 speed=0.900
[sim-tick] runPlan iter=180 pos=(399.9,149.9) yVel=-6.316 xVel?=1.298 isOnGround=0 isUD=0 gMod=1.00 speed=0.900
[run-init] base getPos=(164.88,114.58) m_position=(163.58,112.25) simAfterSet getPos=(164.88,114.58) m_position=(163.58,112.25) isOnGround=0/0/1/0 baseLGO=0x0 simLGO=0x0 baseColl=0x0 simColl=0x0 baseYV=10.316 simYV=10.316 base_lastGroundedPos=(159.68,105.00) sim_lastGroundedPos=(159.68,105.00) base_lastPos=(163.58,112.25) sim_lastPos=(163.58,112.25) base_yStart=11.18 sim_yStart=11.18 base_fallStartY=0.00 sim_fallStartY=0.00 base_lastPortalPos=(0.00,0.00) sim_lastPortalPos=(0.00,0.00) portalY=0.00
[sim-tick] runPlan iter=0 pos=(166.2,116.8) yVel=10.100 xVel?=0.000 isOnGround=0 isUD=0 gMod=1.00 speed=0.900
[sim-tick] runPlan iter=30 pos=(205.1,162.4) yVel=3.620 xVel?=1.298 isOnGround=0 isUD=0 gMod=1.00 speed=0.900
[sim-tick] runPlan iter=60 pos=(244.1,164.3) yVel=-2.860 xVel?=1.298 isOnGround=0 isUD=0 gMod=1.00 speed=0.900
[sim-tick] runPlan iter=90 pos=(283.0,122.4) yVel=-9.340 xVel?=1.298 isOnGround=0 isUD=0 gMod=1.00 speed=0.900
[sim-tick] runPlan iter=120 pos=(322.0,149.1) yVel=6.644 xVel?=1.298 isOnGround=0 isUD=0 gMod=1.00 speed=0.900
[sim-tick] runPlan iter=150 pos=(360.9,171.4) yVel=0.164 xVel?=1.298 isOnGround=0 isUD=0 gMod=1.00 speed=0.900
[sim-tick] runPlan iter=180 pos=(399.9,149.9) yVel=-6.316 xVel?=1.298 isOnGround=0 isUD=0 gMod=1.00 speed=0.900
[run-init] base getPos=(164.88,114.58) m_position=(163.58,112.25) simAfterSet getPos=(164.88,114.58) m_position=(163.58,112.25) isOnGround=0/0/1/0 baseLGO=0x0 simLGO=0x0 baseColl=0x0 simColl=0x0 baseYV=10.316 simYV=10.316 base_lastGroundedPos=(159.68,105.00) sim_lastGroundedPos=(159.68,105.00) base_lastPos=(163.58,112.25) sim_lastPos=(163.58,112.25) base_yStart=11.18 sim_yStart=11.18 base_fallStartY=0.00 sim_fallStartY=0.00 base_lastPortalPos=(0.00,0.00) sim_lastPortalPos=(0.00,0.00) portalY=0.00
[sim-tick] runPlan iter=0 pos=(166.2,116.8) yVel=10.100 xVel?=0.000 isOnGround=0 isUD=0 gMod=1.00 speed=0.900
[sim-tick] runPlan iter=30 pos=(205.1,162.4) yVel=3.620 xVel?=1.298 isOnGround=0 isUD=0 gMod=1.00 speed=0.900
[sim-tick] runPlan iter=60 pos=(244.1,164.3) yVel=-2.860 xVel?=1.298 isOnGround=0 isUD=0 gMod=1.00 speed=0.900
[sim-tick] runPlan iter=90 pos=(283.0,122.4) yVel=-9.340 xVel?=1.298 isOnGround=0 isUD=0 gMod=1.00 speed=0.900
[sim-tick] runPlan iter=120 pos=(322.0,149.1) yVel=6.644 xVel?=1.298 isOnGround=0 isUD=0 gMod=1.00 speed=0.900
[sim-tick] runPlan iter=150 pos=(360.9,171.4) yVel=0.164 xVel?=1.298 isOnGround=0 isUD=0 gMod=1.00 speed=0.900
[sim-tick] runPlan iter=180 pos=(399.9,149.9) yVel=-6.316 xVel?=1.298 isOnGround=0 isUD=0 gMod=1.00 speed=0.900
[run-init] base getPos=(164.88,114.58) m_position=(163.58,112.25) simAfterSet getPos=(164.88,114.58) m_position=(163.58,112.25) isOnGround=0/0/1/0 baseLGO=0x0 simLGO=0x0 baseColl=0x0 simColl=0x0 baseYV=10.316 simYV=10.316 base_lastGroundedPos=(159.68,105.00) sim_lastGroundedPos=(159.68,105.00) base_lastPos=(163.58,112.25) sim_lastPos=(163.58,112.25) base_yStart=11.18 sim_yStart=11.18 base_fallStartY=0.00 sim_fallStartY=0.00 base_lastPortalPos=(0.00,0.00) sim_lastPortalPos=(0.00,0.00) portalY=0.00
[sim-tick] runPlan iter=0 pos=(166.2,116.8) yVel=10.100 xVel?=0.000 isOnGround=0 isUD=0 gMod=1.00 speed=0.900
[sim-tick] runPlan iter=30 pos=(205.1,162.4) yVel=3.620 xVel?=1.298 isOnGround=0 isUD=0 gMod=1.00 speed=0.900
[sim-tick] runPlan iter=60 pos=(244.1,164.3) yVel=-2.860 xVel?=1.298 isOnGround=0 isUD=0 gMod=1.00 speed=0.900
[sim-tick] runPlan iter=90 pos=(283.0,122.4) yVel=-9.340 xVel?=1.298 isOnGround=0 isUD=0 gMod=1.00 speed=0.900
[sim-tick] runPlan iter=120 pos=(322.0,149.1) yVel=6.644 xVel?=1.298 isOnGround=0 isUD=0 gMod=1.00 speed=0.900
[sim-tick] runPlan iter=150 pos=(360.9,171.4) yVel=0.164 xVel?=1.298 isOnGround=0 isUD=0 gMod=1.00 speed=0.900
[sim-tick] runPlan iter=180 pos=(399.9,149.9) yVel=-6.316 xVel?=1.298 isOnGround=0 isUD=0 gMod=1.00 speed=0.900
